0,0,0,0,0
0.02,234,223,89.021,88.972
0.04,234,223,0,0
0.06,234,223,0,0
0.08,234,223,0,0
0.1,234,223,0,0
0.12,234,223,0,0
0.14,234,223,0,0
0.16,234,223,0,0
0.18,234,223,0,0
0.2,234,223,0,0
0.22,234,223,0,0
0.24,234,223,0,0
0.26,234,223,0,0
0.28,234,223,0,0
0.3,234,223,0,0
0.32,234,223,0,0
0.34,234,223,0,0
0.36,234,223,0,0
0.38,234,223,0,0
0.4,234,223,0,0
0.42,234,223,0,0
0.44,234,223,0,0
0.46,234,223,0,0
0.48,234,223,0,0
0.5,234,223,0,0
0.52,234,223,0,0
0.54,234,223,0,0
0.56,234,223,0,0
0.58,234,223,0,0
0.6,234,223,0,0
0.62,234,223,0,0
0.64,234,223,0,0
0.66,234,223,0,0
0.68,234,223,0,0
0.7,234,223,0,0
0.72,234,223,0,0
0.74,234,223,0,0
0.76,234,223,0,0
0.78,234,223,0,0
0.8,234,223,0,0
0.82,234,223,0,0
0.84,234,223,0,0
0.86,234,223,0,0
0.88,234,223,0,0
0.9,234,223,0,0
0.92,234,223,0,0
0.94,234,223,0,0
0.96,234,223,0,0
0.98,234,223,0,0
1,234,223,0,0
1.02,234,223,0,0
1.04,234,223,0,0
1.06,234,223,0,0
1.08,234,223,0,0
1.1,234,223,0,0
1.12,234,223,0,0
1.14,234,223,0,0
1.16,234,223,0,0
1.18,234,223,0,0
1.2,234,223,0,0
1.22,234,223,14.036,0
1.24,235,223,14.036,0
1.26,235,223,0,0
1.28,235,223,0,0
1.3,235,223,0,0
1.32,235,223,0,0
1.34,235,223,0,0
1.36,235,223,0,0
1.38,235,223,0,0
1.4,235,223,0,0
1.42,235,223,0,0
1.44,235,223,0,0
1.46,235,223,0,0
1.48,235,223,0,0
1.5,235,223,0,0
1.52,235,223,0,0
1.54,235,223,0,0
1.56,235,223,0,0
1.58,235,223,0,0
1.6,235,223,0,0
1.62,235,223,0,0
1.64,235,223,0,0
1.66,235,223,0,0
1.68,235,223,0,0
1.7,235,223,0,0
1.72,235,223,0,0
1.74,235,223,0,0
1.76,235,223,0,0
1.78,235,223,0,0
1.8,235,223,0,0
1.82,235,223,0,0
1.84,235,223,0,0
1.86,235,223,0,0
1.88,235,223,0,0
1.9,235,223,0,0
1.92,235,223,0,0
1.94,235,223,0,0
1.96,235,223,0,0
1.98,235,223,0,0
2,235,223,0,0
2.02,235,223,0,14.036
2.04,235,224,0,14.036
2.06,235,224,0,0
2.08,235,224,0,0
2.1,235,224,0,14.036
2.12,235,225,0,14.036
2.14,235,225,0,0
2.16,235,225,0,0
2.18,235,225,0,0
2.2,235,225,0,0
2.22,235,225,0,0
2.24,235,225,0,0
2.26,235,225,0,0
2.28,235,225,0,0
2.3,235,225,0,14.036
2.32,235,226,0,14.036
2.34,235,226,0,0
2.36,235,226,14.036,0
2.38,236,226,26.565,0
2.4,237,226,26.565,0
2.42,238,226,14.036,14.036
2.44,238,227,0,26.565
2.46,238,228,14.036,14.036
2.48,239,228,14.036,14.036
2.5,239,229,0,26.565
2.52,239,230,0,14.036
2.54,239,230,14.036,14.036
2.56,240,231,14.036,14.036
2.58,240,231,14.036,0
2.6,241,231,14.036,0
2.62,241,231,14.036,0
2.64,242,231,26.565,0
2.66,243,231,26.565,0
2.68,244,231,26.565,0
2.7,245,231,36.87,0
2.72,247,231,36.87,0
2.74,248,231,26.565,0
2.76,249,231,26.565,0
2.78,250,231,26.565,0
2.8,251,231,14.036,0
2.82,251,231,14.036,0
2.84,252,231,26.565,0
2.86,253,231,14.036,0
2.88,253,231,14.036,0
2.9,254,231,14.036,0
2.92,254,231,0,0
2.94,254,231,0,0
2.96,254,231,0,0
2.98,254,231,0,0
3,254,231,0,0
3.02,254,231,0,0
3.04,254,231,0,0
3.06,254,231,0,0
3.08,254,231,0,0
3.1,254,231,0,0
3.12,254,231,0,0
3.14,254,231,0,0
3.16,254,231,0,0
3.18,254,231,0,0
3.2,254,231,14.036,0
3.22,255,231,14.036,0
3.24,255,231,0,0
3.26,255,231,0,0
3.28,255,231,0,0
3.3,255,231,0,0
3.32,255,231,0,0
3.34,255,231,0,14.036
3.36,255,232,0,14.036
3.38,255,232,0,0
3.4,255,232,0,0
3.42,255,232,0,0
3.44,255,232,0,0
3.46,255,232,0,0
3.48,255,232,0,0
3.5,255,232,0,0
3.52,255,232,0,14.036
3.54,255,233,0,26.565
3.56,255,234,0,14.036
3.58,255,234,0,14.036
3.6,255,235,0,14.036
3.62,255,235,0,0
3.64,255,235,0,0
3.66,255,235,0,0
3.68,255,235,0,0
3.7,255,235,0,0
3.72,255,235,0,0
3.74,255,235,0,0
3.76,255,235,0,0
3.78,255,235,0,0
3.8,255,235,0,0
3.82,255,235,0,0
3.84,255,235,0,0
3.86,255,235,0,0
3.88,255,235,0,0
3.9,255,235,0,0
3.92,255,235,0,14.036
3.94,255,236,0,26.565
3.96,255,237,0,26.565
3.98,255,238,0,36.87
4,255,240,0,45
4.02,255,242,0,36.87
4.04,255,243,0,14.036
4.06,255,243,0,0
4.08,255,243,0,0
4.1,255,243,0,0
4.12,255,243,0,0
4.14,255,243,0,0
4.16,255,243,0,0
4.18,255,243,0,0
4.2,255,243,0,0
4.22,255,243,0,0
4.24,255,243,0,0
4.26,255,243,0,0
4.28,255,243,0,0
4.3,255,243,0,0
4.32,255,243,0,0
4.34,255,243,0,0
4.36,255,243,0,0
4.38,255,243,0,0
4.4,255,243,0,0
4.42,255,243,14.036,0
4.44,256,243,14.036,14.036
4.46,256,244,0,26.565
4.48,256,245,14.036,26.565
4.5,257,246,14.036,26.565
4.52,257,247,0,36.87
4.54,257,249,0,36.87
4.56,257,250,0,36.87
4.58,257,252,0,36.87
4.6,257,253,0,36.87
4.62,257,255,0,36.87
4.64,257,256,0,14.036
4.66,257,256,14.036,0
4.68,258,256,14.036,0
4.7,258,256,14.036,0
4.72,259,256,26.565,0
4.74,260,256,14.036,0
4.76,260,256,26.565,0
4.78,262,256,36.87,0
4.8,263,256,26.565,0
4.82,264,256,26.565,0
4.84,265,256,26.565,0
4.86,266,256,26.565,0
4.88,267,256,26.565,0
4.9,268,256,26.565,14.036
4.92,269,257,26.565,14.036
4.94,270,257,26.565,26.565
4.96,271,259,26.565,36.87
4.98,272,260,14.036,36.87
5,272,262,26.565,45
5.02,274,264,26.565,45
5.04,274,266,14.036,36.87
5.06,275,267,26.565,36.87
5.08,276,269,26.565,36.87
5.1,277,270,26.565,26.565
5.12,278,271,26.565,14.036
5.14,279,271,26.565,0
5.16,280,271,26.565,0
5.18,281,271,36.87,0
5.2,283,271,36.87,0
5.22,284,271,36.87,0
5.24,286,271,36.87,0
5.26,287,271,36.87,0
5.28,289,271,36.87,0
5.3,290,271,36.87,0
5.32,292,271,36.87,14.036
5.34,293,272,26.565,14.036
5.36,294,272,26.565,14.036
5.38,295,273,26.565,26.565
5.4,296,274,26.565,26.565
5.42,297,275,26.565,26.565
5.44,298,276,26.565,14.036
5.46,299,276,14.036,0
5.48,299,276,14.036,0
5.5,300,276,26.565,0
5.52,301,276,26.565,0
5.54,302,276,26.565,0
5.56,303,276,26.565,0
5.58,304,276,36.87,0
5.6,306,276,26.565,0
5.62,306,276,14.036,0
5.64,307,276,26.565,26.565
5.66,308,278,14.036,36.87
5.68,308,279,0,36.87
5.7,308,281,0,45
5.72,308,283,0,36.87
5.74,308,284,0,14.036
5.76,308,284,0,0
5.78,308,284,0,0
5.8,308,284,0,0
5.82,308,284,0,0
5.84,308,284,0,0
5.86,308,284,0,0
5.88,308,284,0,0
5.9,308,284,0,26.565
5.92,308,286,0,45
5.94,308,288,0,51.34
5.96,308,291,0,56.31
5.98,308,294,0,56.31
6,308,297,0,51.34
6.02,308,299,0,36.87
6.04,308,300,165.96,14.036
6.06,307,300,165.96,0
6.08,307,300,0,0
6.1,307,300,0,0
6.12,307,300,0,0
6.14,307,300,0,0
6.16,307,300,14.036,0
6.18,308,300,14.036,26.565
6.2,308,302,14.036,51.34
6.22,309,305,26.565,60.255
6.24,310,309,26.565,63.435
6.26,311,313,26.565,60.255
6.28,312,316,14.036,51.34
6.3,312,318,14.036,36.87
6.32,313,319,26.565,14.036
6.34,314,319,14.036,0
6.36,314,319,0,0
6.38,314,319,0,0
6.4,314,319,14.036,0
6.42,315,319,14.036,0
6.44,315,319,0,0
6.46,315,319,0,0
6.48,315,319,14.036,14.036
6.5,316,320,14.036,14.036
6.52,316,320,14.036,14.036
6.54,317,321,26.565,26.565
6.56,318,322,36.87,26.565
6.58,320,323,36.87,26.565
6.6,321,324,26.565,26.565
6.62,322,325,36.87,26.565
6.64,324,326,36.87,26.565
6.66,325,327,36.87,14.036
6.68,327,327,36.87,14.036
6.7,328,328,36.87,14.036
6.72,330,328,36.87,0
6.74,331,328,36.87,0
6.76,333,328,45,0
6.78,335,328,36.87,0
6.8,336,328,26.565,0
6.82,337,328,26.565,0
6.84,338,328,14.036,0
6.86,338,328,0,0
6.88,338,328,0,0
6.9,338,328,0,14.036
6.92,338,329,0,36.87
6.94,338,331,0,51.34
6.96,338,334,0,63.435
6.98,338,339,0,70.017
7,338,345,0,71.565
7.02,338,351,0,70.017
7.04,338,356,0,66.038
7.06,338,360,0,51.34
7.08,338,361,0,14.036
7.1,338,361,0,0
7.12,338,361,0,0
7.14,338,361,14.036,0
7.16,339,361,26.565,0
7.18,340,361,26.565,0
7.2,341,361,26.565,0
7.22,342,361,36.87,0
7.24,344,361,45,0
7.26,346,361,45,0
7.28,348,361,45,0
7.3,350,361,45,0
7.32,352,361,36.87,14.036
7.34,353,362,36.87,26.565
7.36,355,363,36.87,36.87
7.38,356,365,36.87,45
7.4,358,367,36.87,51.34
7.42,359,370,36.87,56.31
7.44,361,373,36.87,56.31
7.46,362,376,26.565,60.255
7.48,363,380,26.565,60.255
7.5,364,383,26.565,56.31
7.52,365,386,36.87,51.34
7.54,367,388,36.87,36.87
7.56,368,389,26.565,26.565
7.58,369,390,36.87,14.036
7.6,371,390,45,0
7.62,373,390,51.34,0
7.64,376,390,56.31,0
7.66,379,390,56.31,0
7.68,382,390,60.255,0
7.7,386,390,66.038,0
7.72,391,390,66.038,0
7.74,395,390,60.255,0
7.76,398,390,60.255,0
7.78,402,390,56.31,0
7.8,404,390,51.34,0
7.82,407,390,51.34,0
7.84,409,390,45,0
7.86,411,390,36.87,14.036
7.88,412,391,26.565,26.565
7.9,413,392,14.036,45
7.92,413,395,0,56.31
7.94,413,398,0,60.255
7.96,413,402,0,63.435
7.98,413,406,0,60.255
8,413,409,0,56.31
8.02,413,412,0,51.34
8.04,413,414,0,45
8.06,413,416,0,36.87
8.08,413,417,0,26.565
8.1,413,418,0,14.036
8.12,413,418,0,0
8.14,413,418,0,0
8.16,413,418,0,0
8.18,413,418,14.036,0
8.2,414,418,26.565,14.036
8.22,415,419,26.565,14.036
8.24,416,419,36.87,14.036
8.26,418,420,45,26.565
8.28,420,421,45,45
8.3,422,424,51.34,51.34
8.32,425,426,51.34,56.31
8.34,427,430,45,60.255
8.36,429,433,36.87,56.31
8.38,430,436,36.87,51.34
8.4,432,438,36.87,51.34
8.42,433,441,36.87,51.34
8.44,435,443,36.87,51.34
8.46,436,446,45,60.255
8.48,439,450,51.34,60.255
8.5,441,453,45,56.31
8.52,443,456,51.34,56.31
8.54,446,459,51.34,56.31
8.56,448,462,45,51.34
8.58,450,464,45,36.87
8.6,452,465,45,14.036
8.62,454,465,36.87,0
8.64,455,465,45,0
8.66,458,465,51.34,0
8.68,460,465,45,0
8.7,462,465,45,0
8.72,464,465,51.34,0
8.74,467,465,51.34,0
8.76,469,465,45,14.036
8.78,471,466,45,14.036
8.8,473,466,45,0
8.82,475,466,36.87,0
8.84,476,466,26.565,14.036
8.86,477,467,26.565,26.565
8.88,478,468,14.036,26.565
8.9,478,469,0,36.87
8.92,478,471,0,45
8.94,478,473,0,45
8.96,478,475,0,51.34
8.98,478,478,0,51.34
9,478,480,0,45
9.02,478,482,0,36.87
9.04,478,483,0,26.565
9.06,478,484,0,14.036
9.08,478,484,0,0
9.1,478,484,0,0
9.12,478,484,0,0
9.14,478,484,14.036,0
9.16,479,484,14.036,0
9.18,479,484,14.036,0
9.2,480,484,26.565,0
9.22,481,484,36.87,0
9.24,483,484,36.87,0
9.26,484,484,26.565,0
9.28,485,484,26.565,0
9.3,486,484,26.565,0
9.32,487,484,14.036,0
9.34,487,484,14.036,0
9.36,488,484,26.565,0
9.38,489,484,26.565,0
9.4,490,484,14.036,0
9.42,490,484,14.036,14.036
9.44,491,485,14.036,26.565
9.46,491,486,0,36.87
9.48,491,488,14.036,51.34
9.5,492,491,14.036,56.31
9.52,492,494,0,60.255
9.54,492,498,0,56.31
9.56,492,500,0,36.87
9.58,492,501,0,14.036
9.6,492,501,0,0
9.62,492,501,0,0
9.64,492,501,0,0
9.66,492,501,14.036,0
9.68,493,501,14.036,0
9.7,493,501,0,0
9.72,493,501,0,0
9.74,493,501,0,0
9.76,493,501,14.036,0
9.78,494,501,14.036,0
9.8,494,501,0,0
9.82,494,501,0,0
9.84,494,501,14.036,0
9.86,495,501,14.036,0
9.88,495,501,14.036,0
9.9,496,501,26.565,0
9.92,497,501,14.036,14.036
9.94,497,502,14.036,36.87
9.96,498,504,26.565,51.34
9.98,499,507,36.87,56.31
10,501,510,36.87,60.255
10.02,502,514,26.565,60.255
10.04,503,517,26.565,56.31
10.06,504,520,26.565,51.34
10.08,505,522,26.565,51.34
10.1,506,525,36.87,51.34
10.12,508,527,36.87,51.34
10.14,509,530,36.87,56.31
10.16,511,533,36.87,56.31
10.18,512,536,36.87,56.31
10.2,514,539,45,56.31
10.22,516,542,51.34,51.34
10.24,519,544,51.34,45
10.26,521,546,45,36.87
10.28,523,547,45,14.036
10.3,525,547,45,0
10.32,527,547,45,0
10.34,529,547,45,0
10.36,531,547,45,0
10.38,533,547,45,0
10.4,535,547,45,0
10.42,537,547,45,0
10.44,539,547,45,0
10.46,541,547,45,0
10.48,543,547,36.87,0
10.5,544,547,36.87,0
10.52,546,547,36.87,0
10.54,547,547,26.565,0
10.56,548,547,36.87,14.036
10.58,550,548,36.87,36.87
10.6,551,550,26.565,51.34
10.62,552,553,26.565,56.31
10.64,553,556,26.565,56.31
10.66,554,559,14.036,56.31
10.68,554,562,14.036,60.255
10.7,555,566,14.036,60.255
10.72,555,569,0,60.255
10.74,555,573,14.036,56.31
10.76,556,575,14.036,45
10.78,556,577,14.036,45
10.8,557,579,26.565,45
10.82,558,581,26.565,36.87
10.84,559,582,26.565,14.036
10.86,560,582,36.87,0
10.88,562,582,45,0
10.9,564,582,51.34,0
10.92,567,582,56.31,0
10.94,570,582,56.31,0
10.96,573,582,51.34,0
10.98,575,582,51.34,0
11,578,582,45,0
11.02,579,582,36.87,0
11.04,581,582,36.87,0
11.06,582,582,14.036,0
11.08,582,582,0,0
11.1,582,582,0,0
11.12,582,582,0,0
11.14,582,582,0,0
11.16,582,582,0,0
11.18,582,582,0,0
11.2,582,582,0,0
11.22,582,582,0,0
11.24,582,582,0,0
11.26,582,582,0,0
11.28,582,582,0,0
11.3,582,582,0,0
11.32,582,582,0,0
11.34,582,582,0,0
11.36,582,582,0,0
11.38,582,582,0,0
11.4,582,582,0,0
11.42,582,582,0,0
11.44,582,582,0,0
11.46,582,582,0,0
11.48,582,582,0,0
11.5,582,582,0,0
11.52,582,582,0,0
11.54,582,582,0,0
11.56,582,582,0,0
11.58,582,582,0,0
11.6,582,582,0,0
11.62,582,582,0,0
11.64,582,582,0,0
11.66,582,582,0,0
11.68,582,582,0,0
11.7,582,582,0,0
11.72,582,582,0,0
11.74,582,582,0,0
11.76,582,582,0,0
11.78,582,582,0,0
11.8,582,582,0,0
11.82,582,582,0,0
11.84,582,582,0,0
11.86,582,582,0,0
11.88,582,582,0,0
11.9,582,582,0,0
11.92,582,582,0,0
11.94,582,582,0,0
11.96,582,582,0,0
11.98,582,582,0,0
12,582,582,0,0
12.02,582,582,0,0
12.04,582,582,0,0
12.06,582,582,0,0
12.08,582,582,0,0
12.1,582,582,0,0
12.12,582,582,0,0
12.14,582,582,0,0
12.16,582,582,0,0
12.18,582,582,0,0
12.2,582,582,165.96,0
12.22,581,582,165.96,0
12.24,581,582,0,0
12.26,581,582,165.96,0
12.28,580,582,153.43,0
12.3,579,582,153.43,0
12.32,578,582,143.13,0
12.34,576,582,143.13,0
12.36,575,582,143.13,0
12.38,573,582,143.13,0
12.4,572,582,153.43,0
12.42,571,582,153.43,165.96
12.44,570,581,153.43,165.96
12.46,569,581,153.43,165.96
12.48,568,580,153.43,153.43
12.5,567,579,153.43,143.13
12.52,566,577,153.43,135
12.54,565,575,165.96,135
12.56,565,573,0,135
12.58,565,571,165.96,135
12.6,564,569,165.96,135
12.62,564,567,0,135
12.64,564,565,0,128.66
12.66,564,562,0,128.66
12.68,564,560,0,135
12.7,564,558,0,135
12.72,564,556,0,135
12.74,564,554,0,135
12.76,564,552,0,135
12.78,564,550,165.96,135
12.8,563,548,153.43,135
12.82,562,546,143.13,135
12.84,560,544,135,143.13
12.86,558,543,128.66,153.43
12.88,555,542,123.69,143.13
12.9,552,540,123.69,143.13
12.92,549,539,123.69,153.43
12.94,546,538,128.66,143.13
12.96,544,536,143.13,143.13
12.98,543,535,153.43,143.13
13,542,533,153.43,143.13
13.02,541,532,153.43,143.13
13.04,540,530,153.43,135
13.06,539,528,153.43,128.66
13.08,538,525,153.43,128.66
13.1,537,523,153.43,128.66
13.12,536,520,143.13,123.69
13.14,534,517,135,123.69
13.16,532,514,135,123.69
13.18,530,511,135,123.69
13.2,528,508,128.66,123.69
13.22,525,505,123.69,128.66
13.24,522,503,119.74,128.66
13.26,518,500,119.74,128.66
13.28,515,498,123.69,135
13.3,512,496,123.69,128.66
13.32,509,493,123.69,128.66
13.34,506,491,123.69,128.66
13.36,503,488,123.69,128.66
13.38,500,486,135,128.66
13.4,499,483,143.13,123.69
13.42,497,480,143.13,128.66
13.44,496,478,153.43,128.66
13.46,495,475,153.43,128.66
13.48,494,473,153.43,128.66
13.5,493,470,143.13,128.66
13.52,491,468,135,135
13.54,489,466,135,128.66
13.56,487,463,128.66,128.66
13.58,484,461,123.69,128.66
13.6,481,458,119.74,128.66
13.62,477,456,116.57,135
13.64,473,454,113.96,135
13.66,468,452,113.96,135
13.68,464,450,113.96,135
13.7,459,448,111.8,135
13.72,454,446,113.96,143.13
13.74,450,445,116.57,143.13
13.76,446,443,119.74,135
13.78,443,441,123.69,135
13.8,440,439,135,135
13.82,439,437,153.43,128.66
13.84,438,434,153.43,128.66
13.86,437,432,153.43,128.66
13.88,436,429,165.96,123.69
13.9,436,426,165.96,123.69
13.92,435,423,143.13,123.69
13.94,433,420,135,123.69
13.96,431,417,135,123.69
13.98,429,414,135,123.69
14,427,411,128.66,123.69
14.02,424,408,128.66,128.66
14.04,422,406,128.66,143.13
14.06,419,405,123.69,153.43
14.08,416,404,119.74,153.43
14.1,412,403,119.74,165.96
14.12,409,403,119.74,165.96
14.14,405,402,116.57,165.96
14.16,401,402,119.74,165.96
14.18,398,401,123.69,153.43
14.2,395,400,123.69,153.43
14.22,392,399,128.66,153.43
14.24,390,398,135,143.13
14.26,388,396,153.43,135
14.28,388,394,165.96,135
14.3,387,392,165.96,128.66
14.32,387,389,0,123.69
14.34,387,386,0,123.69
14.36,387,383,165.96,128.66
14.38,386,381,143.13,128.66
14.4,384,378,135,128.66
14.42,382,376,135,143.13
14.44,380,375,143.13,143.13
14.46,379,373,143.13,143.13
14.48,377,372,135,153.43
14.5,375,371,135,153.43
14.52,373,370,135,165.96
14.54,371,370,128.66,165.96
14.56,368,369,128.66,165.96
14.58,366,369,128.66,0
14.6,363,369,123.69,165.96
14.62,360,368,128.66,153.43
14.64,358,367,143.13,143.13
14.66,357,365,143.13,135
14.68,355,363,153.43,135
14.7,355,361,0,128.66
14.72,355,358,0,128.66
14.74,355,356,0,128.66
14.76,355,353,0,128.66
14.78,355,351,0,128.66
14.8,355,348,165.96,128.66
14.82,354,346,165.96,128.66
14.84,354,343,0,123.69
14.86,354,340,153.43,123.69
14.88,352,337,143.13,123.69
14.9,351,334,153.43,128.66
14.92,350,332,143.13,135
14.94,348,330,143.13,135
14.96,347,328,143.13,153.43
14.98,345,328,135,165.96
15,343,327,135,153.43
15.02,341,326,128.66,143.13
15.04,338,324,123.69,143.13
15.06,335,323,123.69,153.43
15.08,332,322,119.74,153.43
15.1,328,321,116.57,143.13
15.12,324,319,119.74,143.13
15.14,321,318,123.69,143.13
15.16,318,316,128.66,135
15.18,316,314,135,128.66
15.2,314,311,135,128.66
15.22,312,309,135,135
15.24,310,307,135,135
15.26,308,305,143.13,135
15.28,307,303,143.13,135
15.3,305,301,135,128.66
15.32,303,298,135,128.66
15.34,301,296,143.13,128.66
15.36,300,293,143.13,128.66
15.38,298,291,135,128.66
15.4,296,288,135,123.69
15.42,294,285,135,123.69
15.44,292,282,135,123.69
15.46,290,279,135,128.66
15.48,288,277,135,128.66
15.5,286,274,135,128.66
15.52,284,272,135,128.66
15.54,282,269,135,128.66
15.56,280,267,135,128.66
15.58,278,264,135,128.66
15.6,276,262,135,128.66
15.62,274,259,128.66,128.66
15.64,271,257,123.69,128.66
15.66,268,254,123.69,128.66
15.68,265,252,123.69,128.66
15.7,262,249,128.66,128.66
15.72,260,247,128.66,128.66
15.74,257,244,128.66,123.69
15.76,255,241,135,128.66
15.78,253,239,135,135
15.8,251,237,135,135
15.82,249,235,135,135
15.84,247,233,135,135
15.86,245,231,143.13,135
15.88,244,229,143.13,128.66
15.9,242,226,135,128.66
15.92,240,224,143.13,128.66
15.94,239,221,143.13,128.66
15.96,237,219,135,128.66
15.98,235,216,143.13,128.66
16,234,214,143.13,135
16.02,232,212,135,135
16.04,230,210,143.13,143.13
16.06,229,209,153.43,153.43
16.08,228,208,143.13,153.43
16.1,226,207,135,153.43
16.12,224,206,143.13,153.43
16.14,223,205,143.13,153.43
16.16,221,204,135,153.43
16.18,219,203,135,153.43
16.2,217,202,135,165.96
16.22,215,202,135,153.43
16.24,213,200,128.66,153.43
16.26,210,200,128.66,165.96
16.28,208,199,135,153.43
16.3,206,198,135,153.43
16.32,204,197,143.13,153.43
16.34,203,196,143.13,143.13
16.36,201,194,143.13,143.13
16.38,200,193,153.43,143.13
16.4,199,191,143.13,135
16.42,197,189,143.13,135
16.44,196,187,153.43,128.66
16.46,195,184,153.43,128.66
16.48,194,182,143.13,135
16.5,192,180,143.13,135
16.52,191,178,153.43,135
16.54,190,176,143.13,135
16.56,188,174,135,135
16.58,186,172,135,135
16.6,184,170,143.13,135
16.62,183,168,143.13,143.13
16.64,181,167,135,143.13
16.66,179,165,135,143.13
16.68,177,164,135,153.43
16.7,175,163,135,153.43
16.72,173,162,143.13,165.96
16.74,172,162,143.13,165.96
16.76,170,161,135,165.96
16.78,168,161,143.13,0
16.8,167,161,143.13,0
16.82,165,161,143.13,0
16.84,164,161,153.43,165.96
16.86,163,160,153.43,153.43
16.88,162,159,143.13,153.43
16.9,160,158,153.43,153.43
16.92,160,157,165.96,153.43
16.94,159,156,153.43,153.43
16.96,158,155,165.96,153.43
16.98,158,154,165.96,153.43
17,157,153,165.96,153.43
17.02,157,152,165.96,143.13
17.04,156,150,165.96,153.43
17.06,156,150,165.96,165.96
17.08,155,149,153.43,153.43
17.1,154,148,165.96,165.96
17.12,154,148,165.96,0
17.14,153,148,153.43,0
17.16,152,148,153.43,0
17.18,151,148,153.43,0
17.2,150,148,153.43,0
17.22,149,148,153.43,0
17.24,148,148,153.43,0
17.26,147,148,153.43,0
17.28,146,148,153.43,0
17.3,145,148,165.96,0
17.32,145,148,165.96,0
17.34,144,148,165.96,0
17.36,144,148,0,0
17.38,144,148,0,0
17.4,144,148,0,165.96
17.42,144,147,0,153.43
17.44,144,146,0,165.96
17.46,144,146,0,0
17.48,144,146,0,0
17.5,144,146,0,0
17.52,144,146,0,0
17.54,144,146,0,0
17.56,144,146,0,0
17.58,144,146,0,0
17.6,144,146,0,0
17.62,144,146,0,0
17.64,144,146,0,0
17.66,144,146,0,0
17.68,144,146,0,0
17.7,144,146,14.036,0
17.72,145,146,14.036,0
17.74,145,146,0,0
17.76,145,146,0,0
17.78,145,146,0,0
17.8,145,146,14.036,0
17.82,146,146,14.036,0
17.84,146,146,0,0
17.86,146,146,0,0
17.88,146,146,0,0
17.9,146,146,0,165.96
17.92,146,145,14.036,153.43
17.94,147,144,14.036,165.96
17.96,147,144,0,165.96
17.98,147,143,0,153.43
18,147,142,0,153.43
18.02,147,141,14.036,165.96
18.04,148,141,14.036,165.96
18.06,148,140,0,165.96
18.08,148,140,0,0
18.1,148,140,0,0
18.12,148,140,0,0
18.14,148,140,0,0
18.16,148,140,0,0
18.18,148,140,0,0
18.2,148,140,0,0
18.22,148,140,0,0
18.24,148,140,0,0
18.26,148,140,0,0
18.28,148,140,0,0
18.3,148,140,0,0
18.32,148,140,0,0
18.34,148,140,0,0
18.36,148,140,0,0
18.38,148,140,0,0
18.4,148,140,0,0
18.42,148,140,0,0
18.44,148,140,0,0
18.46,148,140,0,0
18.48,148,140,0,0
18.5,148,140,0,0
18.52,148,140,0,0
18.54,148,140,0,0
18.56,148,140,0,0
18.58,148,140,0,0
18.6,148,140,0,0
18.62,148,140,0,0
18.64,148,140,0,0
18.66,148,140,0,0
18.68,148,140,0,0
18.7,148,140,0,0
18.72,148,140,0,0
18.74,148,140,0,0
18.76,148,140,0,0
18.78,148,140,0,0
18.8,148,140,0,0
18.82,148,140,0,0
18.84,148,140,0,0
18.86,148,140,0,0
18.88,148,140,0,0
18.9,148,140,0,0
18.92,148,140,0,0
18.94,148,140,0,0
18.96,148,140,0,0
18.98,148,140,0,0
19,148,140,0,0
19.02,148,140,0,0
19.04,148,140,0,0
19.06,148,140,0,0
19.08,148,140,0,0
19.1,148,140,0,0
19.12,148,140,0,0
19.14,148,140,0,0
19.16,148,140,0,0
19.18,148,140,0,0
19.2,148,140,0,0
19.22,148,140,0,0
19.24,148,140,0,0
19.26,148,140,0,0
19.28,148,140,0,0
19.3,148,140,0,0
19.32,148,140,0,0
19.34,148,140,0,0
19.36,148,140,0,0
19.38,148,140,0,0
19.4,148,140,0,0
19.42,148,140,0,0
19.44,148,140,0,0
19.46,148,140,0,0
19.48,148,140,0,0
19.5,148,140,0,0
19.52,148,140,0,0
19.54,148,140,0,0
19.56,148,140,0,0
19.58,148,140,0,0
19.6,148,140,0,0
19.62,148,140,0,0
19.64,148,140,0,0
19.66,148,140,0,0
19.68,148,140,0,0
19.7,148,140,0,0
19.72,148,140,0,0
19.74,148,140,0,0
19.76,148,140,0,0
19.78,148,140,0,0
19.8,148,140,0,14.036
19.82,148,141,0,26.565
19.84,148,142,0,14.036
19.86,148,142,0,14.036
19.88,148,143,0,26.565
19.9,148,144,0,26.565
19.92,148,145,0,26.565
19.94,148,146,0,26.565
19.96,148,147,0,36.87
19.98,148,149,0,36.87
20,148,150,0,36.87
20.02,148,152,14.036,36.87
20.04,149,153,26.565,36.87
20.06,150,155,26.565,36.87
20.08,151,156,14.036,36.87
20.1,151,158,14.036,36.87
20.12,152,159,26.565,26.565
20.14,153,160,36.87,36.87
20.16,155,162,36.87,36.87
20.18,156,163,26.565,26.565
20.2,157,164,36.87,36.87
20.22,159,166,45,36.87
20.24,161,167,36.87,26.565
20.26,162,168,36.87,36.87
20.28,164,170,45,45
20.3,166,172,45,45
20.32,168,174,45,45
20.34,170,176,45,45
20.36,172,178,45,45
20.38,174,180,45,36.87
20.4,176,181,45,36.87
20.42,178,183,51.34,36.87
20.44,181,184,51.34,26.565
20.46,183,185,45,36.87
20.48,185,187,51.34,36.87
20.5,188,188,51.34,26.565
20.52,190,189,51.34,36.87
20.54,193,191,56.31,36.87
20.56,196,192,56.31,36.87
20.58,199,194,51.34,36.87
20.6,201,195,51.34,36.87
20.62,204,197,51.34,45
20.64,206,199,51.34,36.87
20.66,209,200,51.34,36.87
20.68,211,202,45,36.87
20.7,213,203,45,36.87
20.72,215,205,45,36.87
20.74,217,206,45,36.87
20.76,219,208,45,36.87
20.78,221,209,36.87,26.565
20.8,222,210,36.87,36.87
20.82,224,212,45,36.87
20.84,226,213,36.87,36.87
20.86,227,215,36.87,36.87
20.88,229,216,36.87,36.87
20.9,230,218,36.87,36.87
20.92,232,219,45,26.565
20.94,234,220,45,26.565
20.96,236,221,36.87,26.565
20.98,237,222,36.87,36.87
21,239,224,36.87,36.87
21.02,240,225,36.87,26.565
21.04,242,226,36.87,36.87
21.06,243,228,36.87,36.87
21.08,245,229,45,26.565
21.1,247,230,45,26.565
21.12,249,231,36.87,36.87
21.14,250,233,36.87,36.87
21.16,252,234,36.87,36.87
21.18,253,236,26.565,45
21.2,254,238,36.87,45
21.22,256,240,36.87,45
21.24,257,242,26.565,45
21.26,258,244,26.565,51.34
21.28,259,247,26.565,51.34
21.3,260,249,26.565,51.34
21.32,261,252,26.565,56.31
21.34,262,255,26.565,56.31
21.36,263,258,36.87,56.31
21.38,265,261,36.87,56.31
21.4,266,264,26.565,51.34
21.42,267,266,26.565,45
21.44,268,268,36.87,36.87
21.46,270,269,45,26.565
21.48,272,270,45,14.036
21.5,274,270,45,0
21.52,276,270,45,0
21.54,278,270,51.34,0
21.56,281,270,51.34,0
21.58,283,270,51.34,14.036
21.6,286,271,51.34,14.036
21.62,288,271,45,0
21.64,290,271,45,0
21.66,292,271,51.34,14.036
21.68,295,272,51.34,36.87
21.7,297,274,45,45
21.72,299,276,36.87,45
21.74,300,278,36.87,45
21.76,302,280,45,45
21.78,304,282,36.87,45
21.8,305,284,36.87,45
21.82,307,286,36.87,45
21.84,308,288,26.565,26.565
21.86,309,288,26.565,14.036
21.88,310,289,26.565,14.036
21.9,311,289,26.565,0
21.92,312,289,26.565,0
21.94,313,289,36.87,0
21.96,315,289,36.87,0
21.98,316,289,36.87,14.036
22,318,290,36.87,14.036
22.02,319,290,36.87,0
22.04,321,290,36.87,0
22.06,322,290,36.87,0
22.08,324,290,36.87,0
22.1,325,290,26.565,0
22.12,326,290,26.565,0
22.14,327,290,26.565,0
22.16,328,290,14.036,0
22.18,328,290,0,14.036
22.2,328,291,0,26.565
22.22,328,292,0,26.565
22.24,328,293,0,36.87
22.26,328,295,0,36.87
22.28,328,296,0,36.87
22.3,328,298,0,45
22.32,328,300,0,45
22.34,328,302,0,36.87
22.36,328,303,0,26.565
22.38,328,304,0,14.036
22.4,328,304,0,0
22.42,328,304,0,0
22.44,328,304,0,0
22.46,328,304,0,0
22.48,328,304,0,0
22.5,328,304,0,0
22.52,328,304,0,0
22.54,328,304,0,0
22.56,328,304,0,0
22.58,328,304,0,0
22.6,328,304,0,0
22.62,328,304,0,0
22.64,328,304,0,0
22.66,328,304,0,0
22.68,328,304,0,0
22.7,328,304,0,0
22.72,328,304,0,0
22.74,328,304,0,0
22.76,328,304,0,0
22.78,328,304,0,0
22.8,328,304,0,0
22.82,328,304,0,0
22.84,328,304,0,0
22.86,328,304,0,0
22.88,328,304,0,0
22.9,328,304,0,0
22.92,328,304,0,0
22.94,328,304,0,0
22.96,328,304,0,0
22.98,328,304,0,0
23,328,304,165.96,0
23.02,327,304,165.96,0
23.04,327,304,153.43,0
23.06,325,304,143.13,0
23.08,324,304,143.13,0
23.1,322,304,135,0
23.12,320,304,135,0
23.14,318,304,135,0
23.16,316,304,143.13,0
23.18,315,304,153.43,0
23.2,314,304,153.43,0
23.22,313,304,153.43,0
23.24,312,304,153.43,0
23.26,311,304,153.43,0
23.28,310,304,165.96,0
23.3,310,304,0,0
23.32,310,304,0,0
23.34,310,304,0,0
23.36,310,304,0,0
23.38,310,304,0,0
23.4,310,304,0,0
23.42,310,304,0,0
23.44,310,304,0,0
23.46,310,304,0,0
23.48,310,304,0,0
23.5,310,304,0,0
23.52,310,304,0,0
23.54,310,304,0,0
23.56,310,304,0,0
23.58,310,304,0,0
23.6,310,304,0,0
23.62,310,304,0,0
23.64,310,304,0,0
23.66,310,304,0,0
23.68,310,304,0,0
23.7,310,304,0,0
23.72,310,304,0,0
23.74,310,304,0,0
23.76,310,304,0,0
23.78,310,304,0,0
23.8,310,304,0,0
23.82,310,304,0,0
23.84,310,304,0,0
23.86,310,304,0,0
23.88,310,304,0,0
23.9,310,304,0,0
23.92,310,304,0,0
23.94,310,304,0,0
23.96,310,304,0,0
23.98,310,304,0,0
24,310,304,0,0
24.02,310,304,0,0
24.04,310,304,0,0
24.06,310,304,0,0
24.08,310,304,0,0
24.1,310,304,0,0
24.12,310,304,0,0
24.14,310,304,0,0
24.16,310,304,0,0
24.18,310,304,0,0
24.2,310,304,0,0
24.22,310,304,0,0
24.24,310,304,0,0
24.26,310,304,0,0
24.28,310,304,0,0
24.3,310,304,0,0
24.32,310,304,0,0
24.34,310,304,0,14.036
24.36,310,305,0,14.036
24.38,310,305,0,26.565
24.4,310,307,0,45
24.42,310,309,0,36.87
24.44,310,310,0,36.87
24.46,310,312,0,36.87
24.48,310,313,0,26.565
24.5,310,314,0,14.036
24.52,310,314,0,0
24.54,310,314,0,0
24.56,310,314,0,0
24.58,310,314,0,0
24.6,310,314,0,0
24.62,310,314,0,0
24.64,310,314,0,0
24.66,310,314,14.036,0
24.68,311,314,14.036,0
24.7,311,314,14.036,0
24.72,312,314,14.036,0
24.74,312,314,0,0
24.76,312,314,0,0
24.78,312,314,0,0
24.8,312,314,0,0
24.82,312,314,0,0
24.84,312,314,0,0
24.86,312,314,0,0
24.88,312,314,0,0
24.9,312,314,0,0
24.92,312,314,0,0
24.94,312,314,0,0
24.96,312,314,0,0
24.98,312,314,0,0
25,312,314,0,0
25.02,312,314,0,0
25.04,312,314,0,0
25.06,312,314,14.036,0
25.08,313,314,14.036,0
25.1,313,314,14.036,0
25.12,314,314,26.565,0
25.14,315,314,26.565,0
25.16,316,314,14.036,0
25.18,316,314,0,0
25.2,316,314,0,0
25.22,316,314,0,0
25.24,316,314,0,0
25.26,316,314,0,0
25.28,316,314,0,0
25.3,316,314,0,0
25.32,316,314,0,0
25.34,316,314,0,0
25.36,316,314,0,0
25.38,316,314,0,0
25.4,316,314,0,0
25.42,316,314,0,0
25.44,316,314,0,0
25.46,316,314,0,0
25.48,316,314,0,0
25.5,316,314,0,0
25.52,316,314,0,0
25.54,316,314,0,0
25.56,316,314,0,0
25.58,316,314,0,0
25.6,316,314,0,0
25.62,316,314,0,0
25.64,316,314,0,0
25.66,316,314,0,0
25.68,316,314,0,0
25.7,316,314,0,0
25.72,316,314,0,0
25.74,316,314,0,0
25.76,316,314,0,165.96
25.78,316,313,0,165.96
25.8,316,313,0,165.96
25.82,316,312,0,153.43
25.84,316,311,0,135
25.86,316,308,0,123.69
25.88,316,305,0,123.69
25.9,316,302,0,123.69
25.92,316,299,0,128.66
25.94,316,297,0,153.43
25.96,316,297,0,0
25.98,316,297,165.96,14.036
26,315,298,153.43,14.036
26.02,314,298,135,14.036
26.04,311,299,123.69,26.565
26.06,308,300,123.69,14.036
26.08,305,300,128.66,0
26.1,303,300,143.13,0
26.12,302,300,135,14.036
26.14,299,301,135,14.036
26.16,298,301,143.13,0
26.18,296,301,153.43,0
26.2,296,301,0,0
26.22,296,301,0,0
26.24,296,301,0,0
26.26,296,301,0,0
26.28,296,301,0,0
26.3,296,301,0,0
26.32,296,301,0,0
26.34,296,301,0,0
26.36,296,301,0,0
26.38,296,301,0,0
26.4,296,301,0,0
26.42,296,301,0,0
26.44,296,301,0,0
26.46,296,301,0,0
26.48,296,301,0,0
26.5,296,301,0,0
26.52,296,301,0,0
26.54,296,301,0,0
26.56,296,301,0,0
26.58,296,301,0,0
26.6,296,301,0,0
26.62,296,301,0,0
26.64,296,301,0,0
26.66,296,301,0,0
26.68,296,301,0,0
26.7,296,301,0,0
26.72,296,301,0,0
26.74,296,301,0,14.036
26.76,296,302,0,26.565
26.78,296,303,0,26.565
26.8,296,304,0,36.87
26.82,296,306,0,45
26.84,296,308,0,36.87
26.86,296,309,0,26.565
26.88,296,310,0,26.565
26.9,296,311,0,26.565
26.92,296,312,0,14.036
26.94,296,312,26.565,0
26.96,298,312,45,0
26.98,300,312,51.34,0
27,303,312,56.31,0
27.02,306,312,56.31,14.036
27.04,309,313,51.34,14.036
27.06,311,313,26.565,0
27.08,311,313,0,0
27.1,311,313,0,0
27.12,311,313,0,0
27.14,311,313,0,0
27.16,311,313,0,0
27.18,311,313,0,0
27.2,311,313,0,0
27.22,311,313,0,0
27.24,311,313,0,0
27.26,311,313,0,0
27.28,311,313,0,0
27.3,311,313,0,0
27.32,311,313,0,0
27.34,311,313,0,0
27.36,311,313,0,0
27.38,311,313,0,0
27.4,311,313,0,0
27.42,311,313,0,0
27.44,311,313,0,0
27.46,311,313,0,0
27.48,311,313,0,0
27.5,311,313,0,165.96
27.52,311,312,0,165.96
27.54,311,312,0,165.96
27.56,311,311,0,153.43
27.58,311,310,0,153.43
27.6,311,309,0,153.43
27.62,311,308,0,153.43
27.64,311,307,0,165.96
27.66,311,307,0,165.96
27.68,311,306,0,165.96
27.7,311,306,165.96,165.96
27.72,310,305,153.43,153.43
27.74,309,304,143.13,153.43
27.76,307,303,128.66,143.13
27.78,304,301,123.69,143.13
27.8,301,300,128.66,143.13
27.82,299,298,153.43,143.13
27.84,299,297,0,165.96
27.86,299,297,0,0
27.88,299,297,0,0
27.9,299,297,0,0
27.92,299,297,0,0
27.94,299,297,0,0
27.96,299,297,0,0
27.98,299,297,0,0
28,299,297,0,0
28.02,299,297,0,0
28.04,299,297,0,0
28.06,299,297,0,0
28.08,299,297,0,0
28.1,299,297,0,0
28.12,299,297,0,0
28.14,299,297,0,0
28.16,299,297,0,0
28.18,299,297,0,0
28.2,299,297,0,0
28.22,299,297,0,0
28.24,299,297,0,0
28.26,299,297,0,0
28.28,299,297,0,0
28.3,299,297,0,0
28.32,299,297,0,0
28.34,299,297,0,0
28.36,299,297,0,14.036
28.38,299,298,0,36.87
28.4,299,300,0,36.87
28.42,299,301,0,36.87
28.44,299,303,0,45
28.46,299,305,0,51.34
28.48,299,308,14.036,56.31
28.5,300,311,26.565,51.34
28.52,301,313,14.036,51.34
28.54,301,316,0,45
28.56,301,317,26.565,26.565
28.58,303,318,56.31,14.036
28.6,307,318,60.255,0
28.62,310,318,45,0
28.64,311,318,14.036,0
28.66,311,318,0,0
28.68,311,318,0,0
28.7,311,318,0,0
28.72,311,318,0,0
28.74,311,318,14.036,0
28.76,312,318,14.036,0
28.78,312,318,0,0
28.8,312,318,0,0
28.82,312,318,0,0
28.84,312,318,0,0
28.86,312,318,0,0
28.88,312,318,0,0
28.9,312,318,0,0
28.92,312,318,26.565,0
28.94,314,318,45,0
28.96,316,318,26.565,0
28.98,316,318,0,0
29,316,318,0,0
29.02,316,318,0,0
29.04,316,318,0,0
29.06,316,318,0,165.96
29.08,316,317,0,165.96
29.1,316,317,0,165.96
29.12,316,316,0,153.43
29.14,316,315,0,165.96
29.16,316,315,0,165.96
29.18,316,314,0,153.43
29.2,316,313,0,153.43
29.22,316,312,0,153.43
29.24,316,311,0,165.96
29.26,316,311,0,165.96
29.28,316,310,165.96,143.13
29.3,315,308,165.96,143.13
29.32,315,307,165.96,143.13
29.34,314,305,153.43,135
29.36,313,303,135,128.66
29.38,310,300,128.66,128.66
29.4,308,298,143.13,135
29.42,307,296,165.96,135
29.44,307,294,0,143.13
29.46,307,293,0,153.43
29.48,307,292,0,153.43
29.5,307,291,165.96,165.96
29.52,306,291,165.96,0
29.54,306,291,165.96,0
29.56,305,291,153.43,0
29.58,304,291,153.43,0
29.6,303,291,165.96,0
29.62,303,291,0,0
29.64,303,291,0,0
29.66,303,291,0,0
29.68,303,291,0,0
29.7,303,291,0,0
29.72,303,291,0,0
29.74,303,291,0,0
29.76,303,291,0,0
29.78,303,291,0,0
29.8,303,291,0,0
29.82,303,291,0,0
29.84,303,291,0,0
29.86,303,291,0,0
29.88,303,291,0,0
29.9,303,291,0,0
29.92,303,291,0,14.036
29.94,303,292,0,14.036
29.96,303,292,0,0
29.98,303,292,0,14.036
30,303,293,0,14.036
30.02,303,293,0,14.036
30.04,303,294,0,26.565
30.06,303,295,0,26.565
30.08,303,296,14.036,26.565
30.1,304,297,45,26.565
30.12,307,298,56.31,36.87
30.14,310,300,63.435,51.34
30.16,315,303,68.199,51.34
30.18,320,305,68.199,51.34
30.2,325,308,68.199,51.34
30.22,330,310,66.038,36.87
30.24,334,311,60.255,26.565
30.26,337,312,51.34,14.036
30.28,339,312,45,0
30.3,341,312,45,0
30.32,343,312,36.87,0
30.34,344,312,14.036,0
30.36,344,312,0,0
30.38,344,312,0,0
30.4,344,312,0,0
30.42,344,312,0,0
30.44,344,312,0,0
30.46,344,312,0,0
30.48,344,312,0,0
30.5,344,312,0,0
30.52,344,312,0,0
30.54,344,312,0,0
30.56,344,312,0,0
30.58,344,312,0,0
30.6,344,312,0,0
30.62,344,312,0,0
30.64,344,312,165.96,0
30.66,343,312,153.43,0
30.68,342,312,165.96,0
30.7,342,312,165.96,0
30.72,341,312,165.96,0
30.74,341,312,0,0
30.76,341,312,0,0
30.78,341,312,165.96,0
30.8,340,312,153.43,165.96
30.82,339,311,143.13,153.43
30.84,337,310,143.13,153.43
30.86,336,309,153.43,153.43
30.88,335,308,165.96,135
30.9,335,305,0,128.66
30.92,335,303,0,123.69
30.94,335,299,153.43,119.74
30.96,333,296,135,123.69
30.98,331,293,135,123.69
31,329,290,135,123.69
31.02,327,287,135,123.69
31.04,325,284,135,128.66
31.06,323,282,135,135
31.08,321,280,128.66,135
31.1,318,278,119.74,135
31.12,314,276,113.96,135
31.14,309,274,109.98,135
31.16,303,272,105.95,143.13
31.18,295,271,104.04,143.13
31.2,287,269,104.93,143.13
31.22,280,268,105.95,165.96
31.24,273,268,105.95,0
31.26,266,268,108.43,0
31.28,261,268,113.96,0
31.3,257,268,116.57,0
31.32,253,268,119.74,0
31.34,250,268,128.66,0
31.36,248,268,143.13,0
31.38,247,268,165.96,0
31.4,247,268,26.565,0
31.42,249,268,45,0
31.44,251,268,51.34,0
31.46,254,268,56.31,0
31.48,257,268,51.34,0
31.5,259,268,51.34,0
31.52,262,268,51.34,0
31.54,264,268,45,0
31.56,266,268,36.87,0
31.58,267,268,26.565,0
31.6,268,268,14.036,0
31.62,268,268,14.036,0
31.64,269,268,26.565,14.036
31.66,270,269,14.036,26.565
31.68,270,270,0,26.565
31.7,270,271,0,36.87
31.72,270,273,0,45
31.74,270,275,0,45
31.76,270,277,0,51.34
31.78,270,280,0,51.34
31.8,270,282,0,51.34
31.82,270,285,0,60.255
31.84,270,289,0,63.435
31.86,270,293,0,66.038
31.88,270,298,14.036,68.199
31.9,271,303,45,71.565
31.92,274,310,60.255,72.897
31.94,278,316,66.038,71.565
31.96,283,322,68.199,71.565
31.98,288,328,68.199,68.199
32,293,332,66.038,63.435
32.02,297,336,63.435,56.31
32.04,301,338,66.038,36.87
32.06,306,339,68.199,14.036
32.08,311,339,70.017,0
32.1,317,339,72.897,0
32.12,324,339,74.055,0
32.14,331,339,75.069,0
32.16,339,339,74.055,0
32.18,345,339,68.199,0
32.2,349,339,60.255,0
32.22,352,339,45,0
32.24,353,339,14.036,0
32.26,353,339,0,0
32.28,353,339,165.96,0
32.3,352,339,153.43,0
32.32,351,339,143.13,0
32.34,349,339,135,0
32.36,347,339,128.66,0
32.38,344,339,135,0
32.4,343,339,165.96,0
32.42,343,339,0,0
32.44,343,339,0,0
32.46,343,339,0,0
32.48,343,339,0,0
32.5,343,339,0,0
32.52,343,339,0,165.96
32.54,343,338,0,165.96
32.56,343,338,0,165.96
32.58,343,337,0,153.43
32.6,343,336,0,153.43
32.62,343,335,0,153.43
32.64,343,334,0,143.13
32.66,343,332,0,143.13
32.68,343,331,0,135
32.7,343,328,0,123.69
32.72,343,325,0,119.74
32.74,343,321,153.43,116.57
32.76,341,317,128.66,113.96
32.78,338,312,119.74,111.8
32.8,334,307,113.96,109.98
32.82,329,301,111.8,108.43
32.84,324,295,108.43,108.43
32.86,317,289,104.93,108.43
32.88,309,283,104.04,107.1
32.9,301,276,103.24,107.1
32.92,292,270,103.24,108.43
32.94,284,264,103.24,108.43
32.96,275,258,104.04,108.43
32.98,268,252,105.95,109.98
33,261,247,108.43,113.96
33.02,256,243,113.96,113.96
33.04,252,238,119.74,113.96
33.06,249,234,128.66,116.57
33.08,247,230,128.66,116.57
33.1,244,226,128.66,119.74
33.12,242,223,135,128.66
33.14,240,221,135,143.13
33.16,238,220,135,153.43
33.18,236,219,135,165.96
33.2,234,219,135,0
33.22,232,219,135,0
33.24,230,219,128.66,0
33.26,227,219,123.69,0
33.28,224,219,119.74,0
33.3,220,219,119.74,0
33.32,217,219,128.66,0
33.34,215,219,143.13,0
33.36,214,219,165.96,0
33.38,214,219,0,0
33.4,214,219,0,0
33.42,214,219,0,0
33.44,214,219,0,0
33.46,214,219,0,0
33.48,214,219,0,14.036
33.5,214,220,0,36.87
33.52,214,222,0,45
33.54,214,224,0,51.34
33.56,214,227,0,60.255
33.58,214,231,0,63.435
33.6,214,235,0,66.038
33.62,214,240,26.565,68.199
33.64,216,245,45,70.017
33.66,218,251,51.34,71.565
33.68,221,257,63.435,72.897
33.7,226,264,72.897,75.069
33.72,234,272,78.69,76.759
33.74,246,281,80.91,77.471
33.76,259,290,81.573,78.111
33.78,273,300,82.147,78.69
33.8,288,310,82.405,78.69
33.82,303,320,81.573,77.471
33.84,315,328,80.134,75.964
33.86,326,336,77.471,75.069
33.88,333,343,74.055,71.565
33.9,340,348,71.565,70.017
33.92,345,354,63.435,70.017
33.94,348,359,60.255,70.017
33.96,352,365,60.255,70.017
33.98,355,370,56.31,70.017
34,358,376,51.34,68.199
34.02,360,380,51.34,63.435
34.04,363,384,51.34,60.255
34.06,365,387,51.34,51.34
34.08,368,389,51.34,36.87
34.1,370,390,51.34,14.036
34.12,373,390,56.31,0
34.14,376,390,66.038,0
34.16,382,390,71.565,0
34.18,388,390,72.897,0
34.2,395,390,75.069,0
34.22,403,390,75.069,0
34.24,410,390,72.897,0
34.26,416,390,66.038,0
34.28,419,390,51.34,0
34.3,421,390,36.87,165.96
34.32,422,389,14.036,153.43
34.34,422,388,0,143.13
34.36,422,386,0,135
34.38,422,384,0,135
34.4,422,382,165.96,135
34.42,421,380,143.13,128.66
34.44,419,377,135,123.69
34.46,417,374,128.66,123.69
34.48,414,371,128.66,123.69
34.5,412,368,128.66,116.57
34.52,409,363,119.74,111.8
34.54,405,358,111.8,111.8
34.56,399,353,108.43,111.8
34.58,393,348,107.1,109.98
34.6,386,342,104.93,107.1
34.62,378,335,104.04,105.95
34.64,370,328,102.53,105.95
34.66,360,321,101.31,104.93
34.68,350,313,101.31,103.24
34.7,340,304,101.31,102.53
34.72,330,295,101.31,101.89
34.74,320,285,101.31,101.31
34.76,310,275,101.31,100.78
34.78,300,264,101.31,100.3
34.8,290,253,100.78,100.3
34.82,279,242,100.3,99.866
34.84,268,230,100.3,99.462
34.86,257,218,100.78,100.3
34.88,247,208,101.89,101.31
34.9,238,198,102.53,101.89
34.92,229,189,101.89,103.24
34.94,219,181,101.89,105.95
34.96,210,175,102.53,109.98
34.98,201,170,102.53,116.57
35,192,167,103.24,123.69
35.02,184,164,104.04,135
35.04,176,163,104.04,143.13
35.06,168,161,105.95,143.13
35.08,162,160,109.98,153.43
35.1,157,159,113.96,153.43
35.12,153,158,119.74,153.43
35.14,150,157,128.66,153.43
35.16,148,156,153.43,153.43
35.18,148,155,0,153.43
35.2,148,154,14.036,165.96
35.22,149,154,36.87,0
35.24,151,154,51.34,0
35.26,154,154,51.34,0
35.28,156,154,26.565,0
35.3,156,154,0,0
35.32,156,154,0,14.036
35.34,156,155,0,36.87
35.36,156,157,0,51.34
35.38,156,160,0,63.435
35.4,156,165,0,68.199
35.42,156,170,0,70.017
35.44,156,176,0,71.565
35.46,156,182,0,71.565
35.48,156,188,0,71.565
35.5,156,194,0,71.565
35.52,156,200,14.036,71.565
35.54,157,206,36.87,71.565
35.56,159,212,66.038,74.055
35.58,166,220,75.964,75.964
35.6,175,228,79.216,75.964
35.62,187,236,80.91,77.471
35.64,200,246,81.87,78.111
35.66,215,255,82.875,78.111
35.68,232,265,83.29,78.69
35.7,249,275,83.48,78.111
35.72,267,284,83.48,78.69
35.74,284,295,83.089,78.69
35.76,300,304,82.648,78.111
35.78,315,314,82.147,78.111
35.8,329,323,81.254,77.471
35.82,341,332,80.134,76.759
35.84,352,340,78.69,75.964
35.86,361,348,77.471,75.964
35.88,370,356,75.964,75.069
35.9,377,363,72.897,74.055
35.92,383,370,70.017,74.055
35.94,388,377,68.199,72.897
35.96,393,383,63.435,72.897
35.98,396,390,56.31,72.897
36,399,396,56.31,71.565
36.02,402,402,56.31,71.565
36.04,405,408,56.31,70.017
36.06,408,413,60.255,68.199
36.08,412,418,60.255,63.435
36.1,415,421,56.31,56.31
36.12,418,424,45,45
36.14,419,425,26.565,14.036
36.16,420,425,26.565,0
36.18,421,425,26.565,0
36.2,422,425,36.87,0
36.22,424,425,45,0
36.24,426,425,51.34,165.96
36.26,429,424,51.34,153.43
36.28,431,423,51.34,143.13
36.3,434,421,45,128.66
36.32,435,418,14.036,119.74
36.34,435,414,0,116.57
36.36,435,410,0,116.57
36.38,435,406,0,113.96
36.4,435,401,0,109.98
36.42,435,395,165.96,109.98
36.44,434,390,135,109.98
36.46,431,384,123.69,108.43
36.48,428,378,113.96,107.1
36.5,422,371,107.1,105.95
36.52,415,364,104.04,105.95
36.54,406,357,102.53,104.93
36.56,397,349,101.31,104.04
36.58,386,341,100.3,103.24
36.6,375,332,99.866,102.53
36.62,363,323,99.09,101.89
36.64,350,313,99.09,101.89
36.66,338,304,98.746,101.89
36.68,324,294,98.427,101.89
36.7,311,285,98.746,101.89
36.72,298,275,98.746,101.89
36.74,285,266,99.09,101.89
36.76,273,256,99.866,101.89
36.78,262,247,99.866,102.53
36.8,250,238,100.3,102.53
36.82,240,229,101.31,102.53
36.84,230,220,101.89,103.24
36.86,221,212,102.53,104.04
36.88,212,204,103.24,104.04
36.9,204,196,104.04,104.04
36.92,196,188,104.93,104.04
36.94,189,180,105.95,104.04
36.96,182,172,108.43,105.95
36.98,177,166,111.8,107.1
37,172,159,113.96,108.43
37.02,168,154,119.74,111.8
37.04,165,149,128.66,116.57
37.06,163,146,128.66,123.69
37.08,160,143,135,123.69
37.1,159,140,135,128.66
37.12,156,138,128.66,128.66
37.14,154,135,135,123.69
37.16,152,132,128.66,128.66
37.18,149,130,123.69,135
37.2,146,128,128.66,135
37.22,144,126,135,153.43
37.24,142,126,143.13,0
37.26,141,126,153.43,0
37.28,140,126,165.96,0
37.3,140,126,0,0
37.32,140,126,0,14.036
37.34,140,127,0,36.87
37.36,140,129,0,45
37.38,140,131,0,51.34
37.4,140,134,0,56.31
37.42,140,137,0,56.31
37.44,140,140,0,63.435
37.46,140,145,14.036,68.199
37.48,141,150,26.565,70.017
37.5,142,156,26.565,71.565
37.52,143,162,45,71.565
37.54,146,168,56.31,74.055
37.56,149,176,63.435,75.069
37.58,154,183,71.565,74.055
37.6,161,190,75.069,75.069
37.62,169,198,78.111,74.055
37.64,180,204,80.134,72.897
37.66,192,211,80.91,74.055
37.68,205,218,81.573,72.897
37.7,219,224,81.87,72.897
37.72,233,231,81.573,75.069
37.74,246,239,81.254,76.759
37.76,259,248,81.254,76.759
37.78,272,256,80.91,76.759
37.8,284,265,80.134,77.471
37.82,295,274,79.695,76.759
37.84,306,282,79.695,75.964
37.86,317,290,79.216,76.759
37.88,327,299,78.69,76.759
37.9,337,307,78.111,76.759
37.92,346,316,76.759,76.759
37.94,354,324,75.964,75.964
37.96,362,332,75.964,76.759
37.98,370,341,75.069,76.759
38,377,349,74.055,75.069
38.02,384,356,72.897,74.055
38.04,390,363,72.897,74.055
38.06,397,370,74.055,72.897
38.08,404,376,72.897,71.565
38.1,410,382,70.017,71.565
38.12,415,388,66.038,71.565
38.14,419,394,63.435,70.017
38.16,423,399,63.435,70.017
38.18,427,405,66.038,71.565
38.2,432,411,66.038,71.565
38.22,436,417,63.435,71.565
38.24,440,423,63.435,70.017
38.26,444,428,63.435,66.038
38.28,448,432,60.255,56.31
38.3,451,434,51.34,45
38.32,453,436,36.87,36.87
38.34,454,437,26.565,14.036
38.36,455,437,14.036,0
38.38,455,437,0,0
38.4,455,437,0,0
38.42,455,437,0,0
38.44,455,437,165.96,165.96
38.46,454,436,165.96,165.96
38.48,454,436,0,153.43
38.5,454,434,165.96,135
38.52,453,432,153.43,128.66
38.54,452,429,153.43,116.57
38.56,451,424,135,111.8
38.58,448,419,128.66,109.98
38.6,446,413,123.69,107.1
38.62,442,406,116.57,105.95
38.64,438,399,113.96,105.95
38.66,433,392,111.8,105.95
38.68,428,385,108.43,105.95
38.7,421,378,105.95,105.95
38.72,414,371,104.93,104.93
38.74,406,363,103.24,104.04
38.76,397,355,102.53,104.04
38.78,388,347,101.31,104.04
38.8,377,339,100.3,103.24
38.82,366,330,100.3,101.89
38.84,355,320,99.866,101.31
38.86,343,310,99.462,101.31
38.88,331,300,99.462,101.31
38.9,319,290,99.462,101.31
38.92,307,280,99.09,100.78
38.94,294,269,99.09,100.78
38.96,282,259,99.09,100.78
38.98,269,248,98.746,100.78
39,256,238,99.09,100.78
39.02,244,227,99.866,100.78
39.04,233,217,100.78,101.31
39.06,223,207,101.31,101.31
39.08,213,197,101.31,101.89
39.1,203,188,100.78,103.24
39.12,192,180,101.31,104.04
39.14,183,172,101.89,104.04
39.16,173,164,101.89,104.04
39.18,164,156,102.53,104.04
39.2,155,148,103.24,104.04
39.22,147,140,104.93,103.24
39.24,140,131,104.93,102.53
39.26,132,122,105.95,102.53
39.28,126,113,108.43,102.53
39.3,120,104,109.98,103.24
39.32,115,96,113.96,103.24
39.34,111,87,119.74,103.24
39.36,108,79,128.66,104.04
39.38,106,71,135,104.04
39.4,104,63,143.13,104.93
39.42,103,56,153.43,104.93
39.44,102,48,153.43,104.93
39.46,101,41,153.43,107.1
39.48,100,35,153.43,109.98
39.5,99,30,143.13,111.8
39.52,97,25,128.66,113.96
39.54,94,21,123.69,123.69
39.56,91,19,119.74,135
39.58,87,17,116.57,153.43
39.6,83,17,113.96,0
39.62,78,17,111.8,0
39.64,73,17,111.8,26.565
39.66,68,19,109.98,36.87
39.68,62,20,109.98,45
39.7,57,23,113.96,56.31
39.72,53,26,116.57,60.255
39.74,49,30,116.57,66.038
39.76,45,35,123.69,66.038
39.78,43,39,135,66.038
39.8,41,44,143.13,70.017
39.82,40,50,165.96,70.017
39.84,40,55,14.036,68.199
39.86,41,60,14.036,71.565
39.88,41,67,26.565,72.897
39.9,43,73,60.255,74.055
39.92,48,81,68.199,75.069
39.94,53,88,71.565,75.069
39.96,60,96,75.069,75.069
39.98,68,103,76.759,74.055
40,77,110,78.69,74.055
40.02,88,117,80.538,74.055
40.04,101,124,81.254,74.055
40.06,114,131,81.254,75.069
40.08,127,139,81.254,75.069
40.1,140,146,81.254,75.069
40.12,153,154,81.254,75.069
40.14,166,161,80.91,75.069
40.16,178,169,80.538,76.759
40.18,190,178,80.538,76.759
40.2,202,186,80.134,75.964
40.22,213,194,79.216,75.069
40.24,223,201,78.111,74.055
40.26,232,208,77.471,72.897
40.28,241,214,77.471,72.897
40.3,250,221,76.759,74.055
40.32,258,228,76.759,74.055
40.34,267,235,77.471,74.055
40.36,276,242,78.111,75.964
40.38,286,251,78.111,77.471
40.4,295,260,77.471,77.471
40.42,304,269,76.759,77.471
40.44,312,278,75.964,77.471
40.46,320,287,75.964,77.471
40.48,328,296,75.069,77.471
40.5,335,305,71.565,77.471
40.52,340,314,68.199,78.111
40.54,345,324,70.017,78.69
40.56,351,334,70.017,79.216
40.58,356,345,70.017,79.695
40.6,362,356,72.897,79.695
40.62,369,367,74.055,79.695
40.64,376,378,75.069,79.695
40.66,384,389,75.964,79.695
40.68,392,400,75.964,79.695
40.7,400,411,76.759,79.695
40.72,409,422,77.471,79.695
40.74,418,433,77.471,79.695
40.76,427,444,77.471,79.695
40.78,436,455,77.471,79.695
40.8,445,466,77.471,79.216
40.82,454,476,77.471,78.69
40.84,463,486,77.471,78.69
40.86,472,496,76.759,78.69
40.88,480,506,75.964,78.111
40.9,488,515,75.069,76.759
40.92,495,523,75.069,75.964
40.94,503,531,76.759,75.069
40.96,512,538,76.759,72.897
40.98,520,544,77.471,72.897
41,530,551,78.111,72.897
41.02,539,557,77.471,72.897
41.04,548,564,76.759,72.897
41.06,556,570,74.055,71.565
41.08,562,576,68.199,70.017
41.1,566,581,60.255,56.31
41.12,569,582,51.34,14.036
41.14,571,582,45,0
41.16,573,582,36.87,0
41.18,574,582,26.565,0
41.2,575,582,36.87,0
41.22,577,582,45,0
41.24,579,582,36.87,0
41.26,580,582,36.87,0
41.28,582,582,26.565,0
41.3,582,582,0,0
41.32,582,582,0,0
41.34,582,582,165.96,0
41.36,581,582,153.43,0
41.38,580,582,143.13,0
41.4,578,582,128.66,0
41.42,575,582,119.74,0
41.44,571,582,119.74,0
41.46,568,582,123.69,0
41.48,565,582,123.69,0
41.5,562,582,123.69,0
41.52,559,582,116.57,0
41.54,554,582,113.96,0
41.56,550,582,111.8,0
41.58,544,582,109.98,0
41.6,539,582,111.8,0
41.62,534,582,111.8,165.96
41.64,529,581,113.96,143.13
41.66,525,579,113.96,128.66
41.68,520,576,113.96,119.74
41.7,516,572,113.96,111.8
41.72,511,566,111.8,109.98
41.74,506,561,113.96,111.8
41.76,502,556,119.74,109.98
41.78,499,550,123.69,108.43
41.8,496,544,128.66,107.1
41.82,494,537,135,105.95
41.84,492,530,153.43,104.93
41.86,492,522,0,104.04
41.88,492,514,0,104.04
41.9,492,506,0,104.04
41.92,492,498,0,104.04
41.94,492,490,0,104.04
41.96,492,482,0,104.04
41.98,492,474,0,104.93
42,492,467,0,107.1
42.02,492,461,165.96,108.43
42.04,491,455,153.43,109.98
42.06,490,450,135,111.8
42.08,487,445,123.69,113.96
42.1,484,441,119.74,113.96
42.12,480,436,113.96,109.98
42.14,475,430,111.8,108.43
42.16,470,424,111.8,108.43
42.18,465,418,108.43,108.43
42.2,458,412,107.1,109.98
42.22,452,407,105.95,109.98
42.24,444,401,104.04,109.98
42.26,436,396,104.93,109.98
42.28,429,390,105.95,108.43
42.3,422,384,107.1,109.98
42.32,416,379,108.43,109.98
42.34,410,373,108.43,109.98
42.36,404,368,108.43,109.98
42.38,398,362,107.1,108.43
42.4,391,356,107.1,107.1
42.42,385,349,107.1,105.95
42.44,378,342,104.93,105.95
42.46,370,335,104.04,105.95
42.48,362,328,104.04,105.95
42.5,354,321,103.24,104.93
42.52,345,313,103.24,104.04
42.54,337,305,103.24,104.04
42.56,328,297,103.24,104.93
42.58,320,290,104.04,105.95
42.6,312,283,104.04,105.95
42.62,304,276,104.04,105.95
42.64,296,269,104.04,107.1
42.66,288,263,103.24,107.1
42.68,279,256,103.24,105.95
42.7,271,249,103.24,107.1
42.72,262,243,102.53,107.1
42.74,253,236,102.53,105.95
42.76,244,229,102.53,105.95
42.78,235,222,101.89,104.93
42.8,225,214,101.89,104.93
42.82,216,207,101.89,104.93
42.84,206,199,101.89,104.04
42.86,197,191,102.53,104.04
42.88,188,183,103.24,104.04
42.9,180,175,104.93,104.04
42.92,173,167,105.95,104.93
42.94,166,160,107.1,104.93
42.96,160,152,108.43,104.93
42.98,154,145,109.98,105.95
43,149,138,109.98,104.93
43.02,143,130,109.98,104.04
43.04,138,122,109.98,104.93
43.06,132,115,107.1,104.93
43.08,125,107,105.95,104.93
43.1,118,100,104.04,104.93
43.12,109,92,103.24,104.93
43.14,101,85,104.04,105.95
43.16,93,78,104.93,107.1
43.18,86,72,104.93,108.43
43.2,78,66,105.95,107.1
43.22,72,59,107.1,108.43
43.24,65,54,108.43,109.98
43.26,60,48,111.8,108.43
43.28,55,42,111.8,109.98
43.3,50,37,113.96,111.8
43.32,46,32,113.96,111.8
43.34,41,27,113.96,111.8
43.36,37,22,113.96,109.98
43.38,32,16,113.96,108.43
43.4,28,10,116.57,107.1
43.42,24,3,119.74,113.96
43.44,21,1,123.69,143.13
43.46,18,0,123.69,165.96
43.48,15,0,128.66,0
43.5,13,0,135,0
43.52,11,0,143.13,0
43.54,10,0,143.13,0
43.56,8,0,143.13,0
43.58,7,0,153.43,0
43.6,6,0,143.13,0
43.62,4,0,135,0
43.64,2,0,135,0
43.66,0,0,153.43,0
43.68,0,0,0,0
43.7,0,0,0,0
43.72,0,0,0,0
43.74,0,0,0,0
43.76,0,0,0,0
43.78,0,0,0,0
43.8,0,0,0,0
43.82,0,0,0,0
43.84,0,0,0,0
43.86,0,0,14.036,0
43.88,1,0,14.036,0
43.9,1,0,14.036,14.036
43.92,2,1,26.565,26.565
43.94,3,2,36.87,45
43.96,5,5,45,60.255
43.98,7,9,51.34,66.038
44,10,14,56.31,68.199
44.02,13,19,63.435,66.038
44.04,18,23,68.199,63.435
44.06,23,27,70.017,63.435
44.08,29,31,71.565,63.435
44.1,35,35,72.897,66.038
44.12,42,40,74.055,68.199
44.14,49,45,74.055,70.017
44.16,56,51,75.069,71.565
44.18,64,57,75.964,71.565
44.2,72,63,76.759,72.897
44.22,81,70,77.471,74.055
44.24,90,77,78.111,74.055
44.26,100,84,78.69,75.069
44.28,110,92,78.69,75.964
44.3,120,100,79.216,75.069
44.32,131,107,79.216,74.055
44.34,141,114,78.69,72.897
44.36,151,120,78.69,71.565
44.38,161,126,78.69,72.897
44.4,171,133,79.216,74.055
44.42,182,140,79.216,74.055
44.44,192,147,78.69,74.055
44.46,202,154,78.111,75.069
44.48,211,162,78.111,75.964
44.5,221,170,78.111,76.759
44.52,230,179,76.759,77.471
44.54,238,188,75.964,76.759
44.56,246,196,74.055,75.069
44.58,252,203,71.565,74.055
44.6,258,210,70.017,72.897
44.62,263,216,66.038,72.897
44.64,267,223,66.038,74.055
44.66,272,230,66.038,74.055
44.68,276,237,63.435,74.055
44.7,280,244,63.435,75.069
44.72,284,252,63.435,76.759
44.74,288,261,66.038,77.471
44.76,293,270,70.017,78.111
44.78,299,280,71.565,77.471
44.8,305,288,71.565,75.964
44.82,311,296,70.017,75.964
44.84,316,304,68.199,75.964
44.86,321,312,68.199,76.759
44.88,326,321,68.199,76.759
44.9,331,329,68.199,76.759
44.92,336,338,70.017,76.759
44.94,342,346,71.565,75.964
44.96,348,354,72.897,75.964
44.98,355,362,75.069,75.069
45,363,369,75.964,74.055
45.02,371,376,75.964,75.069
45.04,379,384,75.964,75.069
45.06,387,391,75.964,75.069
45.08,395,399,75.964,75.964
45.1,403,407,75.964,76.759
45.12,411,416,75.964,77.471
45.14,419,425,75.069,78.111
45.16,426,435,74.055,78.69
45.18,433,445,72.897,78.69
45.2,439,455,71.565,79.216
45.22,445,466,71.565,79.695
45.24,451,477,70.017,79.695
45.26,456,488,68.199,79.216
45.28,461,498,68.199,79.216
45.3,466,509,68.199,79.695
45.32,471,520,70.017,79.216
45.34,477,530,72.897,78.111
45.36,484,539,74.055,77.471
45.38,491,548,75.069,77.471
45.4,499,557,75.964,76.759
45.42,507,565,75.964,75.964
45.44,515,573,75.964,75.069
45.46,523,580,76.759,66.038
45.48,532,582,78.111,26.565
45.5,542,582,78.69,0
45.52,552,582,78.69,0
45.54,562,582,78.69,0
45.56,572,582,78.111,0
45.58,581,582,68.199,0
45.6,582,582,14.036,0
45.62,582,582,0,0
45.64,582,582,0,0
45.66,582,582,0,0
45.68,582,582,0,0
45.7,582,582,0,0
45.72,582,582,0,0
45.74,582,582,0,0
45.76,582,582,0,0
45.78,582,582,0,0
45.8,582,582,0,0
45.82,582,582,0,0
45.84,582,582,0,0
45.86,582,582,0,0
45.88,582,582,0,0
45.9,582,582,165.96,0
45.92,581,582,143.13,0
45.94,579,582,128.66,165.96
45.96,576,581,113.96,153.43
45.98,570,580,107.1,143.13
46,563,578,105.95,128.66
46.02,556,575,107.1,119.74
46.04,550,571,108.43,116.57
46.06,544,567,108.43,113.96
46.08,538,562,107.1,113.96
46.1,531,558,105.95,116.57
46.12,524,554,104.93,116.57
46.14,516,550,103.24,113.96
46.16,507,545,102.53,109.98
46.18,498,539,102.53,107.1
46.2,489,532,103.24,105.95
46.22,481,525,103.24,105.95
46.24,472,518,103.24,104.04
46.26,464,509,104.04,102.53
46.28,456,500,104.04,102.53
46.3,448,491,104.04,101.89
46.32,440,481,104.04,100.78
46.34,432,470,104.93,100.3
46.36,425,459,107.1,99.866
46.38,419,447,107.1,99.462
46.4,412,435,107.1,99.09
46.42,406,422,108.43,98.746
46.44,400,409,108.43,98.746
46.46,394,396,108.43,98.427
46.48,388,382,109.98,98.427
46.5,383,369,109.98,98.427
46.52,377,355,107.1,98.13
46.54,370,341,105.95,98.13
46.56,363,327,104.93,98.13
46.58,355,313,104.93,97.853
46.6,348,298,104.93,97.595
46.62,340,283,103.24,97.352
46.64,331,267,103.24,97.352
46.66,323,252,103.24,97.352
46.68,314,236,101.89,97.352
46.7,304,221,100.78,97.352
46.72,293,205,100.3,97.352
46.74,282,190,100.3,97.352
46.76,271,174,100.3,97.125
46.78,260,158,100.78,97.352
46.8,250,143,100.78,97.595
46.82,239,128,100.3,97.595
46.84,228,113,100.3,97.853
46.86,217,99,100.3,98.427
46.88,206,86,100.78,99.462
46.9,196,75,100.78,99.866
46.92,185,63,100.3,99.866
46.94,174,52,99.866,100.78
46.96,162,42,99.462,100.78
46.98,150,31,99.462,101.31
47,138,22,99.866,101.89
47.02,127,12,99.866,101.89
47.04,115,3,99.462,109.98
47.06,103,1,99.09,143.13
47.08,90,0,99.462,165.96
47.1,79,0,99.866,0
47.12,67,0,100.3,0
47.14,57,0,101.31,0
47.16,47,0,101.31,0
47.18,37,0,101.31,0
47.2,27,0,101.31,26.565
47.22,17,2,101.89,60.255
47.24,8,7,103.24,71.565
47.26,0,14,116.57,76.759
47.28,0,24,0,77.471
47.3,0,32,0,75.964
47.32,0,40,0,75.069
47.34,0,47,0,74.055
47.36,0,54,14.036,75.069
47.38,1,62,36.87,76.759
47.4,3,71,63.435,79.216
47.42,9,83,75.069,81.573
47.44,18,98,78.111,82.648
47.46,28,114,80.134,82.648
47.48,41,129,81.254,82.147
47.5,54,143,81.573,81.573
47.52,68,156,82.648,81.254
47.54,85,169,83.29,81.573
47.56,102,183,83.66,82.147
47.58,121,198,84.144,82.875
47.6,141,215,84.289,83.48
47.62,161,233,84.56,83.48
47.64,183,250,84.92,83.48
47.66,206,268,85.236,83.66
47.68,231,286,85.426,83.83
47.7,256,305,85.426,83.991
47.72,281,324,85.515,83.991
47.74,307,343,85.426,84.144
47.76,331,363,85.236,84.144
47.78,355,382,84.92,83.991
47.8,376,401,84.428,83.991
47.82,396,420,84.144,84.144
47.84,415,440,83.66,84.289
47.86,432,460,83.29,84.289
47.88,449,480,83.29,84.289
47.9,466,500,83.089,83.991
47.92,482,518,83.089,83.089
47.94,499,533,82.875,82.147
47.96,514,547,82.405,81.573
47.98,529,560,81.87,80.134
48,542,570,80.91,77.471
48.02,554,578,80.134,71.565
48.04,565,582,78.69,45
48.06,574,582,76.759,0
48.08,582,582,63.435,0
48.1,582,582,0,0
48.12,582,582,0,153.43
48.14,582,580,0,128.66
48.16,582,577,0,109.98
48.18,582,569,0,102.53
48.2,582,559,0,100.3
48.22,582,547,0,98.746
48.24,582,533,0,97.595
48.26,582,517,143.13,96.911
48.28,579,500,111.8,96.71
48.3,572,483,103.24,96.71
48.32,562,466,100.3,96.34
48.34,550,447,99.866,95.711
48.36,539,426,99.462,95.08
48.38,526,402,98.13,94.574
48.4,511,376,97.125,94.399
48.42,494,350,96.17,94.485
48.44,474,325,95.572,94.667
48.46,453,301,95.194,94.865
48.48,430,278,94.97,94.865
48.5,407,254,94.667,94.764
48.52,381,230,94.316,94.97
48.54,354,208,94.236,95.315
48.56,327,187,94.086,96.009
48.58,298,170,94.014,96.71
48.6,270,153,94.086,97.125
48.62,242,138,94.086,97.853
48.64,214,124,94.236,97.853
48.66,188,109,94.399,97.352
48.68,162,93,94.667,97.352
48.7,139,78,95.08,97.853
48.72,117,64,95.572,98.746
48.74,98,52,96.17,99.462
48.76,80,40,96.71,99.09
48.78,64,27,97.853,98.746
48.8,51,14,99.462,98.746
48.82,40,1,100.78,107.1
48.84,30,1,102.53,165.96
48.86,22,0,104.04,165.96
48.88,14,0,104.93,0
48.9,7,0,105.95,0
48.92,0,0,119.74,0
48.94,0,0,0,14.036
48.96,0,1,0,36.87
48.98,0,3,0,60.255
49,0,8,0,75.069
49.02,0,18,36.87,79.695
49.04,3,30,63.435,81.254
49.06,8,44,71.565,81.87
49.08,15,58,75.964,81.87
49.1,24,72,78.111,81.87
49.12,34,86,78.69,81.87
49.14,44,100,78.69,82.147
49.16,54,115,79.216,82.147
49.18,65,129,80.538,82.147
49.2,78,144,81.573,82.405
49.22,92,159,82.405,82.405
49.24,108,174,83.29,82.147
49.26,126,188,83.991,82.147
49.28,146,203,84.428,82.648
49.3,167,219,84.806,82.875
49.32,190,235,85.03,83.089
49.34,213,252,84.92,83.48
49.36,235,270,84.92,83.66
49.38,258,288,85.03,83.83
49.4,281,307,85.135,84.289
49.42,305,328,85.236,84.428
49.44,329,348,85.135,84.428
49.46,352,369,84.92,84.428
49.48,374,389,84.685,84.428
49.5,395,410,84.428,84.56
49.52,415,431,84.289,84.685
49.54,435,453,83.991,84.685
49.56,453,474,83.66,84.685
49.58,471,496,83.66,84.56
49.6,489,516,83.66,84.144
49.62,507,535,83.48,83.66
49.64,524,552,83.29,82.875
49.66,541,567,82.875,81.573
49.68,556,579,82.648,75.069
49.7,572,582,81.254,36.87
49.72,582,582,68.199,0
49.74,582,582,0,0
49.76,582,582,0,0
49.78,582,582,0,153.43
49.8,582,580,0,128.66
49.82,582,577,0,109.98
49.84,582,569,0,101.89
49.86,582,558,0,99.09
49.88,582,544,143.13,98.13
49.9,579,530,111.8,98.13
49.92,572,516,103.24,97.853
49.94,562,501,100.78,97.595
49.96,551,486,99.866,97.595
49.98,539,471,99.09,97.352
50,526,455,98.427,96.71
50.02,512,437,97.853,96.009
50.04,497,417,97.125,95.711
50.06,480,397,96.71,95.711
50.08,463,377,96.52,95.711
50.1,445,357,96.34,95.856
50.12,427,338,95.856,95.856
50.14,406,318,95.315,95.856
50.16,384,299,94.97,95.856
50.18,360,279,94.764,95.711
50.2,336,259,94.865,95.711
50.22,313,239,95.08,95.572
50.24,291,218,95.315,95.572
50.26,270,198,95.572,95.711
50.28,250,178,95.711,95.856
50.3,230,159,95.711,96.009
50.32,210,140,95.856,96.34
50.34,191,123,96.17,96.52
50.36,173,105,96.52,96.52
50.38,156,88,96.71,96.71
50.4,139,71,96.911,96.911
50.42,123,55,97.125,97.352
50.44,107,40,97.352,97.352
50.46,92,24,97.595,97.595
50.48,77,10,97.853,99.866
50.5,63,1,98.13,111.8
50.52,49,0,98.13,165.96
50.54,35,0,98.427,0
50.56,22,0,99.09,0
50.58,10,0,100.3,0
50.6,0,0,111.8,14.036
50.62,0,1,0,26.565
50.64,0,2,0,45
50.66,0,5,0,70.017
50.68,0,13,0,79.216
50.7,0,26,36.87,82.648
50.72,3,44,68.199,83.991
50.74,10,64,77.471,84.144
50.76,21,83,80.91,83.991
50.78,35,102,82.405,83.83
50.8,51,120,83.089,83.66
50.82,68,138,83.48,83.48
50.84,86,155,83.83,83.66
50.86,105,174,84.144,84.289
50.88,125,195,84.428,84.56
50.9,146,216,84.806,84.685
50.92,169,238,85.135,85.03
50.94,193,262,85.426,85.333
50.96,219,287,85.684,85.601
50.98,246,314,85.84,85.914
51,274,343,85.986,86.055
51.02,303,372,86.055,85.986
51.04,332,400,85.914,85.764
51.06,359,426,85.684,85.515
51.08,385,451,85.515,85.236
51.1,410,474,85.426,84.92
51.12,435,496,85.426,84.56
51.14,460,516,85.236,83.991
51.16,483,534,84.92,83.48
51.18,505,551,84.56,82.875
51.2,525,566,84.289,82.147
51.22,545,580,83.83,75.964
51.24,562,582,83.29,26.565
51.26,579,582,78.69,0
51.28,582,582,36.87,0
51.3,582,582,0,0
51.32,582,582,0,0
51.34,582,582,0,153.43
51.36,582,580,0,119.74
51.38,582,575,0,104.93
51.4,582,565,153.43,99.462
51.42,580,551,113.96,96.911
51.44,573,532,101.31,95.856
51.46,560,512,97.853,95.711
51.48,544,492,96.911,95.856
51.5,527,473,96.34,95.572
51.52,508,451,95.856,94.865
51.54,488,426,95.44,94.316
51.56,466,398,94.865,93.945
51.58,441,368,94.485,93.691
51.6,415,336,94.316,93.521
51.62,388,303,94.16,93.468
51.64,360,270,94.086,93.576
51.66,332,239,94.086,93.752
51.68,304,209,94.16,93.945
51.7,277,181,94.236,94.236
51.72,250,155,94.236,94.574
51.74,223,131,94.399,95.08
51.76,198,110,94.574,95.572
51.78,173,90,94.667,95.856
51.8,149,71,94.97,96.52
51.82,127,55,95.315,97.595
51.84,106,41,95.711,98.746
51.86,87,29,96.17,100.3
51.88,69,19,96.71,102.53
51.9,53,11,97.352,107.1
51.92,38,6,98.13,116.57
51.94,25,3,99.866,143.13
51.96,15,3,103.24,0
51.98,8,3,109.98,0
52,4,3,123.69,0
52.02,2,3,143.13,26.565
52.04,1,5,165.96,60.255
52.06,1,10,0,74.055
52.08,1,19,0,79.216
52.1,1,31,0,81.87
52.12,1,47,0,83.29
52.14,1,65,0,83.66
52.16,1,83,14.036,83.48
52.18,2,100,36.87,83.66
52.2,4,119,60.255,84.289
52.22,9,140,71.565,84.806
52.24,16,163,75.069,85.236
52.26,24,188,78.111,85.601
52.28,35,215,80.91,85.84
52.3,49,243,83.089,86.055
52.32,68,273,84.56,86.424
52.34,91,307,85.333,86.82
52.36,117,345,85.84,87.026
52.38,146,384,86.121,86.987
52.4,176,421,86.186,86.73
52.42,206,454,86.121,86.248
52.44,235,482,85.84,85.515
52.46,261,505,85.601,84.56
52.48,287,524,85.515,83.48
52.5,312,540,85.684,82.405
52.52,340,554,85.986,81.254
52.54,369,566,86.186,80.134
52.56,400,577,86.309,75.964
52.58,431,582,86.248,51.34
52.6,461,582,86.055,0
52.62,489,582,85.84,0
52.64,516,582,85.515,0
52.66,540,582,84.56,0
52.68,558,582,82.648,0
52.7,571,582,79.695,153.43
52.72,580,580,70.017,116.57
52.74,582,574,26.565,104.04
52.76,582,564,0,100.3
52.78,582,552,165.96,98.13
52.8,581,536,135,96.911
52.82,578,519,111.8,96.71
52.84,571,502,102.53,96.52
52.86,560,484,99.09,96.009
52.88,546,464,97.595,95.572
52.9,530,443,97.125,95.08
52.92,514,419,96.52,94.865
52.94,495,396,96.009,94.865
52.96,476,372,95.44,94.485
52.98,453,345,94.764,94.086
53,428,316,94.485,93.814
53.02,402,285,94.316,93.814
53.04,375,256,94.236,94.086
53.06,348,229,94.236,94.236
53.08,321,202,94.16,94.399
53.1,293,177,94.086,94.764
53.12,265,154,94.086,95.08
53.14,237,132,94.014,95.44
53.16,208,112,94.014,96.009
53.18,180,94,94.014,96.71
53.2,151,78,94.086,97.125
53.22,124,62,94.399,97.352
53.24,99,47,94.667,97.595
53.26,75,32,95.08,97.853
53.28,54,18,95.711,98.13
53.3,35,4,96.52,102.53
53.32,19,0,97.595,135
53.34,5,0,102.53,0
53.36,1,0,128.66,0
53.38,0,0,165.96,0
53.4,0,0,0,26.565
53.42,0,2,0,63.435
53.44,0,8,0,76.759
53.46,0,19,14.036,80.91
53.48,1,33,51.34,82.648
53.5,5,50,71.565,83.29
53.52,13,67,78.69,83.83
53.54,25,87,81.254,84.428
53.56,39,108,82.648,84.685
53.58,56,130,83.48,84.806
53.6,74,152,84.144,85.03
53.62,95,176,84.806,85.426
53.64,118,202,85.135,85.764
53.66,142,230,85.426,85.986
53.68,168,259,85.764,86.121
53.7,196,289,86.055,86.248
53.72,226,320,86.186,86.309
53.74,256,351,86.186,86.309
53.76,286,382,86.309,86.248
53.78,318,412,86.424,86.186
53.8,350,442,86.424,86.055
53.82,382,470,86.248,85.684
53.84,411,495,85.986,85.03
53.86,439,516,85.764,84.289
53.88,465,535,85.515,83.29
53.9,490,550,85.135,81.573
53.92,512,562,84.685,79.695
53.94,533,572,84.289,76.759
53.96,552,579,83.48,68.199
53.98,568,582,82.405,36.87
54,582,582,74.055,0
54.02,582,582,0,0
54.04,582,582,0,165.96
54.06,582,581,0,128.66
54.08,582,577,0,108.43
54.1,582,569,0,101.89
54.12,582,558,165.96,98.746
54.14,581,543,128.66,96.911
54.16,577,525,108.43,95.711
54.18,569,503,101.89,94.865
54.2,558,478,99.462,94.667
54.22,545,454,98.13,94.574
54.24,530,428,96.911,94.316
54.26,512,401,96.009,94.16
54.28,492,373,95.44,93.945
54.3,470,343,94.97,93.633
54.32,446,310,94.574,93.366
54.34,420,275,94.236,93.318
54.36,392,241,93.945,93.521
54.38,362,210,93.814,93.879
54.4,332,182,93.814,94.316
54.42,302,157,93.814,94.865
54.44,272,135,93.945,95.194
54.46,244,113,94.086,95.315
54.48,216,92,94.236,95.572
54.5,190,72,94.485,96.009
54.52,165,54,94.764,96.52
54.54,142,37,95.194,97.352
54.56,121,23,95.711,98.13
54.58,102,9,96.34,99.866
54.6,85,0,96.911,113.96
54.62,69,0,97.595,0
54.64,55,0,98.427,0
54.66,42,0,99.09,0
54.68,30,0,101.31,14.036
54.7,22,1,105.95,36.87
54.72,16,3,116.57,60.255
54.74,14,8,153.43,74.055
54.76,14,17,26.565,79.695
54.78,16,30,60.255,81.87
54.8,21,45,74.055,83.29
54.82,30,64,79.216,84.144
54.84,42,84,81.87,84.685
54.86,58,107,83.83,85.333
54.88,79,133,84.806,85.684
54.9,102,160,85.515,85.84
54.92,130,188,86.186,86.055
54.94,162,218,86.583,86.121
54.96,197,247,86.864,85.986
54.98,235,275,87.026,85.84
55,274,302,86.947,85.684
55.02,310,328,86.864,85.684
55.04,347,355,86.82,85.684
55.06,382,381,86.682,85.601
55.08,416,407,86.479,85.515
55.1,447,432,86.186,85.333
55.12,476,456,85.684,85.135
55.14,500,479,84.92,84.806
55.16,521,500,83.991,84.428
55.18,538,520,82.648,83.991
55.2,552,538,80.538,83.48
55.22,562,555,77.471,82.875
55.24,570,570,75.069,81.573
55.26,577,582,71.565,71.565
55.28,582,582,51.34,0
55.3,582,582,0,0
55.32,582,582,0,0
55.34,582,582,0,0
55.36,582,582,0,135
55.38,582,578,0,109.98
55.4,582,571,135,101.89
55.42,578,559,107.1,98.427
55.44,569,544,99.462,96.911
55.46,554,526,97.352,96.009
55.48,538,506,96.71,95.315
55.5,520,483,96.17,94.865
55.52,501,459,95.711,94.667
55.54,480,434,95.194,94.485
55.56,457,408,94.667,94.316
55.58,431,381,94.236,94.086
55.6,403,352,94.014,93.879
55.62,374,322,93.879,93.752
55.64,344,291,93.879,93.879
55.66,315,263,93.879,94.236
55.68,285,237,93.945,94.485
55.7,257,212,94.16,94.574
55.72,230,187,94.236,94.667
55.74,203,163,94.399,94.97
55.76,178,141,94.667,95.194
55.78,154,119,95.08,95.44
55.8,133,99,95.572,95.856
55.82,113,80,95.856,95.856
55.84,94,60,96.34,96.009
55.86,77,42,97.125,96.34
55.88,62,24,97.595,96.52
55.9,47,7,98.427,99.866
55.92,35,1,100.3,119.74
55.94,25,0,102.53,165.96
55.96,17,0,104.93,0
55.98,10,0,107.1,0
56,4,0,113.96,0
56.02,1,0,143.13,26.565
56.04,1,2,0,63.435
56.06,1,8,0,75.069
56.08,1,17,0,79.695
56.1,1,30,36.87,81.87
56.12,4,45,72.897,82.875
56.14,14,62,81.254,83.48
56.16,30,80,83.66,83.66
56.18,50,98,84.685,83.991
56.2,73,118,85.333,84.428
56.22,99,139,85.84,84.806
56.24,128,162,86.309,85.236
56.26,161,187,86.73,85.515
56.28,198,213,87.026,85.684
56.3,238,240,87.207,85.84
56.32,280,268,87.274,85.986
56.34,322,297,87.173,86.121
56.36,361,327,87.064,86.055
56.38,400,355,86.947,85.684
56.4,436,380,86.634,85.236
56.42,468,403,86.248,84.92
56.44,497,425,85.601,84.428
56.46,520,444,84.56,83.991
56.48,539,463,83.48,83.66
56.5,555,480,81.87,82.875
56.52,567,495,79.695,82.147
56.54,577,509,75.069,81.573
56.56,582,522,51.34,80.91
56.58,582,534,0,80.134
56.6,582,545,0,79.695
56.62,582,556,0,79.216
56.64,582,566,0,78.111
56.66,582,575,0,75.069
56.68,582,581,0,60.255
56.7,582,582,135,14.036
56.72,578,582,108.43,0
56.74,570,582,100.78,0
56.76,557,582,97.853,153.43
56.78,541,580,96.911,119.74
56.8,524,575,96.52,108.43
56.82,506,568,96.34,104.04
56.84,488,559,96.34,101.31
56.86,470,548,95.856,100.3
56.88,449,537,95.44,99.09
56.9,428,523,95.194,98.13
56.92,405,509,94.97,97.352
56.94,382,492,94.764,96.911
56.96,357,476,94.485,96.911
56.98,331,459,94.399,96.34
57,305,440,94.485,95.856
57.02,280,420,94.485,95.572
57.04,254,399,94.485,95.44
57.06,229,378,94.574,95.194
57.08,204,355,94.764,94.97
57.1,181,332,95.08,94.865
57.12,159,308,95.572,94.764
57.14,140,284,96.17,94.764
57.16,122,260,96.52,94.764
57.18,105,236,97.125,94.865
57.2,90,213,97.352,95.08
57.22,74,191,97.595,95.315
57.24,60,170,98.427,95.711
57.26,47,151,99.09,96.34
57.28,35,134,99.462,96.911
57.3,23,118,99.462,97.595
57.32,11,104,99.866,98.427
57.34,0,91,109.98,99.09
57.36,0,79,0,99.866
57.38,0,68,0,100.78
57.4,0,58,0,101.89
57.42,0,49,0,103.24
57.44,0,41,0,104.93
57.46,0,34,0,104.93
57.48,0,26,0,105.95
57.5,0,20,0,108.43
57.52,0,14,0,108.43
57.54,0,8,0,113.96
57.56,0,5,0,123.69
57.58,0,2,0,135
57.6,0,1,0,153.43
57.62,0,0,0,165.96
57.64,0,0,0,14.036
57.66,0,1,0,26.565
57.68,0,2,0,56.31
57.7,0,7,0,72.897
57.72,0,15,0,78.69
57.74,0,27,14.036,80.91
57.76,1,40,26.565,81.254
57.78,2,53,26.565,81.573
57.8,3,67,45,81.87
57.82,6,81,66.038,81.87
57.84,12,95,74.055,81.87
57.86,20,109,78.69,81.254
57.88,32,121,80.134,80.134
57.9,43,132,80.134,79.216
57.92,55,142,80.91,78.111
57.94,68,151,82.147,78.111
57.96,84,161,83.089,78.69
57.98,101,171,83.66,79.216
58,120,182,84.289,79.695
58.02,141,193,84.685,80.134
58.04,163,205,84.806,80.538
58.06,185,217,85.03,80.91
58.08,209,230,85.135,80.91
58.1,232,242,85.135,81.254
58.12,256,256,85.236,81.573
58.14,280,269,85.135,81.87
58.16,303,284,84.806,82.147
58.18,324,298,84.56,82.147
58.2,345,313,84.428,82.405
58.22,365,328,84.144,82.405
58.24,384,343,83.991,82.405
58.26,403,358,83.66,82.648
58.28,420,374,83.089,82.648
58.3,436,389,82.875,82.648
58.32,452,405,82.648,82.875
58.34,467,421,82.147,82.875
58.36,481,437,81.573,82.648
58.38,494,452,81.254,82.405
58.4,507,467,80.91,82.405
58.42,519,482,80.538,81.87
58.44,531,495,80.134,81.254
58.46,542,508,79.216,80.538
58.48,552,519,78.111,79.695
58.5,561,530,77.471,78.69
58.52,570,539,76.759,76.759
58.54,578,547,71.565,75.069
58.56,582,554,45,75.069
58.58,582,562,0,75.964
58.6,582,570,0,76.759
58.62,582,579,0,71.565
58.64,582,582,0,36.87
58.66,582,582,0,0
58.68,582,582,0,0
58.7,582,582,0,0
58.72,582,582,0,0
58.74,582,582,0,0
58.76,582,582,0,0
58.78,582,582,0,0
58.8,582,582,0,0
58.82,582,582,165.96,0
58.84,581,582,153.43,0
58.86,580,582,135,0
58.88,577,582,119.74,0
58.9,573,582,116.57,0
58.92,569,582,116.57,0
58.94,565,582,113.96,0
58.96,560,582,109.98,0
58.98,554,582,108.43,165.96
59,548,581,107.1,143.13
59.02,541,579,105.95,123.69
59.04,534,575,105.95,113.96
59.06,527,570,105.95,108.43
59.08,520,563,104.93,104.93
59.1,512,555,104.04,104.93
59.12,504,548,104.04,104.93
59.14,496,540,104.04,104.93
59.16,488,533,104.04,105.95
59.18,480,526,105.95,104.04
59.2,474,517,107.1,102.53
59.22,467,508,108.43,102.53
59.24,462,499,109.98,101.89
59.26,456,489,109.98,101.31
59.28,451,479,113.96,100.78
59.3,447,468,113.96,99.866
59.32,442,456,111.8,99.866
59.34,437,445,111.8,100.3
59.36,432,434,109.98,99.866
59.38,426,422,109.98,99.866
59.4,421,411,111.8,100.3
59.42,416,400,108.43,100.78
59.44,409,390,105.95,101.31
59.46,402,380,104.04,101.31
59.48,393,370,101.89,101.89
59.5,383,361,101.31,102.53
59.52,373,352,101.31,103.24
59.54,363,344,100.78,104.04
59.56,352,336,100.78,103.24
59.58,342,327,100.78,102.53
59.6,331,318,100.3,102.53
59.62,320,309,100.78,101.89
59.64,310,299,101.89,101.89
59.66,301,290,0,0
